time_records,open,high,low,close,prediction,ticket,order price,prediction_s,high_dif_l,low_dif_l,y_l,high_dif_s,low_dif_s,y_s,result_l,result_s
3/31/2023 1:00,1979.862,1981.895,1979.546,1981.461,0,none,none,0,1.614,-3.441,0,1.614,-3.441,0,none,none
3/31/2023 2:00,1981.436,1983.075,1980.484,1981.298,0,none,none,0,0.683,-3.627,0,0.683,-3.627,0,none,none
3/31/2023 3:00,1981.268,1981.981,1979.887,1980.374,0,none,none,0,3.242,-2.703,0,3.242,-2.703,0,none,none
3/31/2023 5:00,1980.343,1980.519,1979.081,1979.118,0,none,none,0,4.498,-1.447,1,4.498,-1.447,0,none,none
3/31/2023 6:00,1979.119,1980.111,1978.02,1978.424,0,none,none,0,5.192,-0.753,1,5.192,-0.753,0,none,none
3/31/2023 7:00,1978.449,1979.805,1977.671,1979.684,0,none,none,0,3.932,-0.55,0,3.932,-0.55,0,none,none
3/31/2023 8:00,1979.652,1983.616,1979.134,1982.392,0,none,none,0,0.942,-4.268,0,0.942,-4.268,0,none,none
3/31/2023 9:00,1982.36,1983.334,1980.822,1981.726,0,none,none,0,3.329,-3.602,0,3.329,-3.602,0,none,none
3/31/2023 10:00,1981.695,1981.9,1980.817,1981.219,0,none,none,0,3.836,-6.378,0,3.836,-6.378,0,none,none
3/31/2023 11:00,1981.196,1982.077,1980.269,1980.865,0,none,none,0,4.19,-7.656,0,4.19,-7.656,0,none,none
3/31/2023 12:00,1980.856,1980.921,1978.124,1979.098,0,none,none,0,5.957,-5.889,0,5.957,-5.889,0,none,none
3/31/2023 13:00,1979.092,1985.055,1979.092,1984.22,1,268660906,1984.332,0,-0.013,-11.011,0,-0.013,-11.011,1,FALSE,none
3/31/2023 14:00,1984.207,1984.207,1974.841,1975.299,0,none,none,0,6.646,-2.09,1,6.646,-2.09,0,none,none
3/31/2023 15:00,1975.303,1978.746,1973.209,1975.193,0,none,none,0,12.406,0.04,1,12.406,0.04,0,none,none
3/31/2023 16:00,1975.233,1980.403,1975.233,1978.455,1,268755949,1978.674,0,9.144,-3.654,0,9.144,-3.654,0,FALSE,none
3/31/2023 17:00,1978.486,1981.032,1976.99,1979.383,0,none,none,0,8.216,-4.582,0,8.216,-4.582,0,none,none
3/31/2023 18:00,1979.415,1981.945,1979.345,1980.229,0,none,none,0,7.37,-5.428,0,7.37,-5.428,0,none,none
3/31/2023 19:00,1980.241,1987.599,1976.188,1979.613,0,none,none,0,4.472,-4.812,0,4.472,-4.812,0,none,none
3/31/2023 20:00,1979.582,1984.085,1974.801,1979.672,0,none,none,0,1.405,-12.828,0,1.405,-12.828,1,none,none
3/31/2023 21:00,1979.636,1981.032,1975.258,1977.945,0,none,none,0,3.132,-11.101,0,3.132,-11.101,1,none,none
3/31/2023 22:00,1977.949,1981.077,1974.87,1979.695,0,none,none,0,0.089,-12.851,0,0.089,-12.851,1,none,none
3/31/2023 23:00,1979.688,1979.784,1975.278,1977.11,0,none,none,0,0.106,-10.266,0,0.106,-10.266,1,none,none
4/1/2023 0:00,1977.145,1977.216,1966.844,1967.378,0,none,none,0,4.74,-7.215,0,4.74,-7.215,0,none,none
4/1/2023 1:00,1967.416,1972.118,1967.204,1971.189,1,269019100,1971.56,0,0.246,-14.187,0,0.246,-14.187,1,FALSE,none
4/1/2023 2:00,1971.221,1971.435,1968.325,1970.968,0,none,none,0,0.029,-14.191,0,0.029,-14.191,1,none,none
4/1/2023 3:00,1970.932,1970.997,1968.498,1969.414,0,none,none,0,-1.969,-12.637,0,-1.969,-12.637,1,none,none
4/3/2023 5:00,1966.312,1967.445,1960.163,1962.561,0,none,none,0,1.941,-10.21,0,1.941,-10.21,1,none,none
4/3/2023 6:00,1962.53,1962.688,1957.002,1957.064,0,none,none,0,7.438,-7.41,0,7.438,-7.41,0,none,none
4/3/2023 7:00,1957.1,1964.126,1956.777,1962.413,1,269366266,1962.792,0,2.089,-12.759,0,2.089,-12.759,1,FALSE,none
4/3/2023 8:00,1962.41,1964.502,1958.446,1960.267,0,none,none,0,0.085,-10.613,0,0.085,-10.613,1,none,none
4/3/2023 9:00,1960.261,1960.352,1952.351,1952.559,0,none,none,0,4.591,-2.905,1,4.591,-2.905,0,none,none
4/3/2023 10:00,1952.526,1953.751,1949.654,1951.832,0,none,none,0,10.139,-1.339,1,10.139,-1.339,0,none,none
4/3/2023 11:00,1951.839,1952.711,1950.493,1952.578,0,none,none,0,13.839,-1.719,1,13.839,-1.719,0,none,none
4/3/2023 12:00,1952.612,1954.108,1951.484,1953.734,0,none,none,0,13.29,-2.875,1,13.29,-2.875,0,none,none
4/3/2023 13:00,1953.701,1957.15,1950.859,1954.74,0,none,none,0,17.742,-1.466,1,17.742,-1.466,0,none,none
4/3/2023 14:00,1954.736,1961.971,1953.274,1961.831,1,269563057,1961.947,0,16.911,-0.612,1,16.911,-0.612,0,TRUE,none
4/3/2023 15:00,1961.822,1966.417,1961.219,1965.796,1,269598495,1966.134,0,14.148,-2.681,1,14.148,-2.681,0,TRUE,none
4/3/2023 16:00,1965.829,1967.024,1963.115,1966.114,0,none,none,0,14.693,-0.089,1,14.693,-0.089,0,none,none
4/3/2023 17:00,1966.095,1972.482,1966.025,1972.47,1,269659197,1972.633,0,17.385,-1.258,1,17.385,-1.258,0,TRUE,none
4/3/2023 18:00,1972.477,1978.742,1971.212,1978.657,1,269697628,1978.745,0,11.857,-6.289,0,11.857,-6.289,0,FALSE,none
4/3/2023 19:00,1978.625,1979.944,1975.708,1979.016,0,none,none,0,11.498,-6.648,0,11.498,-6.648,0,none,none
4/3/2023 20:00,1979.054,1980.807,1972.368,1976.019,0,none,none,0,14.495,0.099,1,14.495,0.099,0,none,none
4/3/2023 21:00,1976.118,1989.855,1976.118,1986.023,1,269865152,1986.182,0,4.491,-4.124,0,4.491,-4.124,0,FALSE,none
4/3/2023 22:00,1986.057,1990.514,1983.901,1987.981,0,none,none,0,2.496,-6.082,0,2.496,-6.082,1,none,none
4/3/2023 23:00,1987.98,1990.477,1986.845,1987.028,0,none,none,0,-0.002,-5.129,0,-0.002,-5.129,1,none,none
4/4/2023 0:00,1987.026,1987.026,1981.899,1985.069,0,none,none,0,1.006,-2.864,0,1.006,-2.864,0,none,none
4/4/2023 1:00,1985.058,1985.291,1982.205,1982.417,0,none,none,0,3.658,-0.146,0,3.658,-0.146,0,none,none
4/4/2023 2:00,1982.45,1986.075,1982.271,1985.111,0,none,none,0,0.836,-2.906,0,0.836,-2.906,0,none,none
4/4/2023 3:00,1985.077,1985.947,1983.608,1984.268,0,none,none,0,1.244,-6.395,0,1.244,-6.395,1,none,none
4/4/2023 5:00,1984.242,1985.5,1983.721,1983.978,0,none,none,0,1.534,-6.105,0,1.534,-6.105,1,none,none
4/4/2023 6:00,1983.967,1985.512,1983.596,1984.973,0,none,none,0,0.331,-7.159,0,0.331,-7.159,1,none,none
4/4/2023 7:00,1984.966,1985.304,1982.205,1982.911,0,none,none,0,0.682,-5.097,0,0.682,-5.097,1,none,none
4/4/2023 8:00,1982.942,1983.593,1977.873,1978.255,0,none,none,0,3.17,-0.441,0,3.17,-0.441,0,none,none
4/4/2023 9:00,1978.272,1981.425,1978.092,1980.846,0,none,none,0,1.527,-3.95,0,1.527,-3.95,0,none,none
4/4/2023 10:00,1980.832,1980.864,1977.814,1978.126,0,none,none,0,5.665,-1.23,1,5.665,-1.23,0,none,none
4/4/2023 11:00,1978.118,1980.747,1977.898,1979.782,0,none,none,0,4.435,-2.886,1,4.435,-2.886,0,none,none
4/4/2023 12:00,1979.751,1981.022,1978.152,1978.855,0,none,none,0,5.362,-1.959,1,5.362,-1.959,0,none,none
4/4/2023 13:00,1978.889,1982.373,1976.896,1981.598,0,none,none,0,2.721,-2.81,0,2.721,-2.81,0,none,none
4/4/2023 14:00,1981.558,1983.791,1978.788,1982.176,0,none,none,0,2.143,-3.665,0,2.143,-3.665,0,none,none
4/4/2023 15:00,1982.172,1984.217,1980.274,1980.688,0,none,none,0,4.976,-2.177,1,4.976,-2.177,0,none,none
4/4/2023 16:00,1980.665,1983.807,1980.207,1982.975,0,none,none,0,10.256,-4.464,0,10.256,-4.464,0,none,none
4/4/2023 17:00,1982.945,1984.319,1981.339,1982.151,0,none,none,0,42.764,-3.64,0,42.764,-3.64,0,none,none
4/4/2023 18:00,1982.118,1982.492,1978.511,1981.991,0,none,none,0,42.924,-0.513,1,42.924,-0.513,0,none,none
4/4/2023 19:00,1982.025,1985.664,1981.478,1983.641,0,none,none,0,41.379,-0.232,1,41.379,-0.232,0,none,none
4/4/2023 20:00,1983.632,1993.231,1983.409,1992.572,1,270406426,1992.635,0,32.448,-0.096,1,32.448,-0.096,0,TRUE,none
4/4/2023 21:00,1992.476,2024.915,1992.476,2016.119,1,270560250,2016.033,0,8.901,-0.513,1,8.901,-0.513,0,TRUE,none
4/4/2023 22:00,2016.149,2023.175,2015.606,2020.242,1,270582910,2020.336,0,4.778,-2.377,1,4.778,-2.377,0,TRUE,none
4/4/2023 23:00,2020.211,2025.02,2019.634,2020.734,0,none,none,0,1.737,-2.869,0,1.737,-2.869,0,none,none
4/5/2023 0:00,2020.745,2020.93,2017.865,2018.362,0,none,none,0,4.109,-0.474,0,4.109,-0.474,0,none,none
4/5/2023 1:00,2018.329,2021.581,2017.888,2021.291,0,none,none,0,2.333,-1.545,0,2.333,-1.545,0,none,none
4/5/2023 2:00,2021.324,2022.471,2020.333,2021.87,0,none,none,0,1.754,-2.49,0,1.754,-2.49,0,none,none
4/5/2023 3:00,2021.838,2022.061,2020.135,2020.389,0,none,none,0,3.235,-1.009,0,3.235,-1.009,0,none,none
4/5/2023 5:00,2021.087,2021.595,2019.746,2020.592,0,none,none,0,4.716,-1.212,1,4.716,-1.212,0,none,none
4/5/2023 6:00,2020.609,2023.624,2020.603,2021.771,0,none,none,0,3.537,-2.391,0,3.537,-2.391,0,none,none
4/5/2023 7:00,2021.785,2022.47,2019.38,2019.527,0,none,none,0,5.781,0.031,1,5.781,0.031,0,none,none
4/5/2023 8:00,2019.558,2021.906,2019.558,2020.545,0,none,none,0,4.763,-0.363,1,4.763,-0.363,0,none,none
4/5/2023 9:00,2020.506,2025.308,2020.182,2023.976,1,270783522,2024.106,0,2.347,-2.033,0,2.347,-2.033,0,FALSE,none
4/5/2023 10:00,2023.981,2024.079,2021.943,2023.04,0,none,none,0,5.361,-0.925,1,5.361,-0.925,0,none,none
4/5/2023 11:00,2023.031,2023.702,2022.115,2023.37,0,none,none,0,5.031,-0.547,1,5.031,-0.547,0,none,none
4/5/2023 12:00,2023.369,2024.82,2022.823,2024.264,0,none,none,0,4.137,-2.454,0,4.137,-2.454,0,none,none
4/5/2023 13:00,2024.325,2026.323,2022.986,2024.425,0,none,none,0,3.976,-2.638,0,3.976,-2.638,0,none,none
4/5/2023 14:00,2024.392,2028.401,2022.894,2025.399,0,none,none,0,2.761,-3.894,0,2.761,-3.894,0,none,none
4/5/2023 15:00,2025.369,2028.16,2023.305,2024.011,0,none,none,0,7.994,-2.506,1,7.994,-2.506,0,none,none
4/5/2023 16:00,2024.036,2025.178,2021.81,2024.54,0,none,none,0,7.544,-3.517,0,7.544,-3.517,0,none,none
4/5/2023 17:00,2024.541,2025.15,2021.787,2022.291,0,none,none,0,9.793,-12.46,0,9.793,-12.46,0,none,none
4/5/2023 18:00,2022.324,2024.502,2021.505,2022.93,0,none,none,0,9.154,-13.099,0,9.154,-13.099,0,none,none
4/5/2023 19:00,2022.965,2032.005,2022.135,2031.503,1,271074130,2031.853,0,0.581,-21.672,0,0.581,-21.672,1,FALSE,none
4/5/2023 20:00,2031.501,2032.084,2021.023,2022.658,0,none,none,0,8.677,-12.827,0,8.677,-12.827,0,none,none
4/5/2023 21:00,2022.692,2031.335,2009.831,2018.803,0,none,none,0,5.129,-2.864,1,5.129,-2.864,0,none,none
4/5/2023 22:00,2018.833,2022.967,2015.939,2021.73,0,none,none,0,2.202,-2.629,0,2.202,-2.629,0,none,none
4/5/2023 23:00,2021.711,2023.932,2019.656,2021.357,0,none,none,0,1.978,-2.256,0,1.978,-2.256,0,none,none
4/6/2023 0:00,2021.323,2022.022,2019.101,2021.017,0,none,none,0,2.318,-2.293,0,2.318,-2.293,0,none,none
4/6/2023 1:00,2021.048,2023.335,2020.662,2023.12,0,none,none,0,0.178,-4.396,0,0.178,-4.396,1,none,none
4/6/2023 2:00,2023.155,2023.298,2020.625,2021.042,0,none,none,0,0.637,-4.01,0,0.637,-4.01,0,none,none
4/6/2023 3:00,2021.08,2021.679,2020.143,2020.482,0,none,none,0,0.94,-7.931,0,0.94,-7.931,1,none,none
4/6/2023 5:00,2020.746,2021.422,2018.724,2020.404,0,none,none,0,0.674,-12.603,0,0.674,-12.603,1,none,none
4/6/2023 6:00,2020.401,2021.078,2020.14,2020.324,0,none,none,0,0.15,-12.523,0,0.15,-12.523,1,none,none
4/6/2023 7:00,2020.307,2020.474,2017.032,2017.065,0,none,none,0,0.034,-9.264,0,0.034,-9.264,1,none,none
4/6/2023 8:00,2017.066,2017.099,2012.551,2012.674,0,none,none,0,3.352,-4.873,0,3.352,-4.873,0,none,none
4/6/2023 9:00,2012.678,2013.267,2007.801,2010.973,0,none,none,0,5.932,-0.856,1,5.932,-0.856,0,none,none
4/6/2023 10:00,2010.98,2012.23,2010.117,2011.34,0,none,none,0,6.775,-0.835,1,6.775,-0.835,0,none,none
4/6/2023 11:00,2011.333,2013.891,2010.505,2013.629,0,none,none,0,6.033,-1.802,1,6.033,-1.802,0,none,none
4/6/2023 12:00,2013.605,2016.026,2011.983,2015.701,0,none,none,0,4.725,-3.874,0,4.725,-3.874,0,none,none
4/6/2023 13:00,2015.708,2016.905,2011.827,2013.742,0,none,none,0,7.069,-1.058,1,7.069,-1.058,0,none,none
4/6/2023 14:00,2013.71,2018.115,2012.684,2016.384,0,none,none,0,4.561,-1.551,1,4.561,-1.551,0,none,none
4/6/2023 15:00,2016.379,2019.662,2014.833,2017.375,0,none,none,0,3.57,-6.149,0,3.57,-6.149,0,none,none
4/6/2023 16:00,2017.39,2020.426,2017.149,2019.602,0,none,none,0,1.343,-18.879,0,1.343,-18.879,1,none,none
4/6/2023 17:00,2019.59,2020.811,2017.584,2020.316,0,none,none,0,0.629,-19.593,0,0.629,-19.593,1,none,none
4/6/2023 18:00,2020.305,2020.945,2017.1,2018.511,0,none,none,0,2.245,-17.788,0,2.245,-17.788,1,none,none
4/6/2023 19:00,2018.475,2020.756,2011.226,2012.937,0,none,none,0,2.001,-12.214,0,2.001,-12.214,1,none,none
4/6/2023 20:00,2012.904,2014.205,2000.723,2003.57,0,none,none,0,11.368,-2.225,1,11.368,-2.225,0,none,none
4/6/2023 21:00,2003.637,2012.087,2001.345,2011.848,1,271875044,2011.963,0,3.09,-3.63,0,3.09,-3.63,0,FALSE,none
4/6/2023 22:00,2011.838,2013.013,2009.107,2011.211,0,none,none,0,3.727,-4.977,0,3.727,-4.977,0,none,none
4/6/2023 23:00,2011.175,2014.938,2010.752,2011.691,0,none,none,0,0.814,-19.345,0,0.814,-19.345,1,none,none
4/7/2023 0:00,2011.703,2012.505,2008.723,2009.984,0,none,none,0,1.565,-17.638,0,1.565,-17.638,1,none,none
4/7/2023 1:00,2009.961,2011.549,2008.218,2009.213,0,none,none,0,0.219,-16.867,0,0.219,-16.867,1,none,none
4/7/2023 2:00,2009.232,2009.432,2006.234,2006.455,0,none,none,0,-4.586,-14.109,0,-4.586,-14.109,1,none,none
4/11/2023 7:00,1992.393,1995.419,1992.346,1993.204,0,none,none,0,10.454,4.172,1,10.454,4.172,0,none,none
4/11/2023 11:00,1997.547,2000.045,1997.376,1999.771,0,none,none,0,7.676,-1.98,1,7.676,-1.98,0,none,none
4/11/2023 12:00,1999.774,2001.569,1998.712,1999.069,0,none,none,0,8.378,-1.278,1,8.378,-1.278,0,none,none
4/11/2023 13:00,1999.037,2001.869,1998.357,1999.23,0,none,none,0,8.217,-1.439,1,8.217,-1.439,0,none,none
4/11/2023 14:00,1999.196,2003.658,1997.791,2002.072,0,none,none,0,5.375,-2.69,1,5.375,-2.69,0,none,none
4/11/2023 15:00,2002.04,2007.447,2001.264,2004.591,0,none,none,0,0.833,-6.389,0,0.833,-6.389,1,none,none
4/11/2023 16:00,2004.56,2005.424,2002.523,2004.531,0,none,none,0,0.434,-9.068,0,0.434,-9.068,1,none,none
4/11/2023 17:00,2004.533,2004.965,2001.413,2004.414,0,none,none,0,0.27,-8.951,0,0.27,-8.951,1,none,none
4/11/2023 18:00,2004.383,2004.383,1999.382,2000.467,0,273715435,2000.456,1,5.766,-5.004,0,5.766,-5.004,0,none,FALSE
4/11/2023 19:00,2000.456,2002.564,1998.202,1998.569,0,273746044,1998.859,1,8.029,-3.106,0,8.029,-3.106,0,none,FALSE
4/11/2023 20:00,1998.601,2002.47,1995.463,2001.414,0,none,none,0,5.184,-1.684,1,5.184,-1.684,0,none,none
4/11/2023 21:00,2001.446,2004.684,1999.73,2002.475,0,none,none,0,4.123,-1.485,0,4.123,-1.485,0,none,none
4/11/2023 22:00,2002.48,2006.233,2001.617,2004.17,0,none,none,0,2.582,-3.18,0,2.582,-3.18,0,none,none
4/11/2023 23:00,2004.15,2006.598,2003.938,2006.219,0,none,none,0,0.533,-5.229,0,0.533,-5.229,1,none,none
4/12/2023 0:00,2006.199,2006.416,2000.99,2005.586,0,none,none,0,1.166,-2.717,0,1.166,-2.717,0,none,none
4/12/2023 1:00,2005.618,2005.879,2003.971,2004.513,0,none,none,0,2.239,-1.644,0,2.239,-1.644,0,none,none
4/12/2023 2:00,2004.488,2006.752,2003.465,2004.088,0,none,none,0,1.41,-1.219,0,1.41,-1.219,0,none,none
4/12/2023 3:00,2004.12,2004.639,2002.869,2003.567,0,none,none,0,11.36,-0.534,1,11.36,-0.534,0,none,none
4/12/2023 5:00,2003.258,2004.327,2003.033,2003.864,0,none,none,0,15.441,-0.409,1,15.441,-0.409,0,none,none
4/12/2023 6:00,2003.867,2005.058,2003.455,2004.696,0,none,none,0,14.609,-0.737,1,14.609,-0.737,0,none,none
4/12/2023 7:00,2004.713,2005.498,2003.999,2005.466,0,none,none,0,15.643,-1.507,1,15.643,-1.507,0,none,none
4/12/2023 8:00,2005.456,2014.927,2003.959,2014.607,1,274031800,2015.049,0,6.502,-0.776,1,6.502,-0.776,0,TRUE,none
4/12/2023 9:00,2014.613,2019.305,2013.831,2014.939,0,none,none,0,6.17,-1.401,1,6.17,-1.401,0,none,none
4/12/2023 10:00,2014.952,2018.296,2014.168,2017.251,0,none,none,0,3.858,-5.601,0,3.858,-5.601,0,none,none
4/12/2023 11:00,2017.288,2021.109,2017.106,2020.378,0,none,none,0,0.405,-11.394,0,0.405,-11.394,1,none,none
4/12/2023 12:00,2020.404,2020.783,2017.612,2018.261,0,274142513,2017.985,1,0.529,-9.659,0,0.529,-9.659,1,none,TRUE
4/12/2023 13:00,2018.227,2018.79,2013.538,2015.654,0,274191731,2015.687,1,0.935,-8.418,0,0.935,-8.418,1,none,TRUE
4/12/2023 14:00,2015.657,2016.589,2011.65,2012.991,0,274241070,2013.02,1,0.727,-5.755,0,0.727,-5.755,1,none,TRUE
4/12/2023 15:00,2013.02,2013.718,2008.984,2009.071,0,274288561,2009.002,1,19.093,-2.813,1,19.093,-2.813,0,none,FALSE
4/12/2023 16:00,2009.067,2011.565,2008.602,2010.87,0,none,none,0,17.294,-9.888,0,17.294,-9.888,0,none,none
4/12/2023 17:00,2010.838,2011.541,2007.236,2008.851,0,274339831,2008.849,1,19.313,-7.869,0,19.313,-7.869,0,none,FALSE
4/12/2023 18:00,2008.883,2010.281,2007.321,2007.735,0,none,none,0,20.429,-6.753,0,20.429,-6.753,0,none,none
4/12/2023 19:00,2007.701,2028.164,2006.258,2022.25,1,274448495,2022.66,0,1.584,-21.268,0,1.584,-21.268,1,FALSE,none
4/12/2023 20:00,2022.284,2023.834,2000.982,2007.801,0,274509678,2007.85,1,5.322,-4.696,0,5.322,-4.696,0,none,FALSE
4/12/2023 21:00,2007.832,2013.123,2003.105,2006.954,0,none,none,0,9.995,-1.708,1,9.995,-1.708,0,none,none
4/12/2023 22:00,2006.987,2009.47,2005.645,2005.817,0,none,none,0,11.132,-0.571,1,11.132,-0.571,0,none,none
4/12/2023 23:00,2005.785,2009.372,2005.246,2007.872,0,none,none,0,9.077,-1.368,1,9.077,-1.368,0,none,none
4/13/2023 0:00,2007.868,2012.604,2006.504,2011.514,1,274632756,2011.642,0,6.977,-0.166,1,6.977,-0.166,0,TRUE,none
4/13/2023 1:00,2011.517,2016.949,2011.348,2015.796,1,274657142,2015.953,0,3.973,-2.527,0,3.973,-2.527,0,FALSE,none
4/13/2023 3:00,2013.657,2015.102,2013.269,2014.851,0,none,none,0,4.918,-0.801,1,4.918,-0.801,0,none,none
4/13/2023 5:00,2014.468,2015.168,2014.05,2015.152,0,none,none,0,4.617,-0.043,1,4.617,-0.043,0,none,none
4/13/2023 6:00,2015.12,2018.491,2015.109,2018.186,0,none,none,0,1.583,-2.473,0,1.583,-2.473,0,none,none
4/13/2023 7:00,2018.155,2019.769,2016.564,2017.889,0,none,none,0,1.449,-2.176,0,1.449,-2.176,0,none,none
4/13/2023 8:00,2017.893,2019.211,2015.851,2017.88,0,none,none,0,1.458,-2.521,0,1.458,-2.521,0,none,none
4/13/2023 9:00,2017.85,2019.324,2016.32,2017.856,0,none,none,0,5.334,-2.542,1,5.334,-2.542,0,none,none
4/13/2023 10:00,2017.852,2017.905,2015.713,2017.461,0,none,none,0,8.195,-2.147,1,8.195,-2.147,0,none,none
4/13/2023 11:00,2017.452,2019.338,2017.408,2018.482,0,none,none,0,10.691,-3.168,0,10.691,-3.168,0,none,none
4/13/2023 12:00,2018.497,2019.159,2015.359,2015.402,0,274790183,2015.34,1,13.771,-0.088,1,13.771,-0.088,0,none,FALSE
4/13/2023 13:00,2015.371,2023.19,2015.314,2020.435,1,274825775,2020.757,0,8.738,0.031,1,8.738,0.031,0,TRUE,none
4/13/2023 14:00,2020.466,2025.656,2020.466,2024.515,1,274856282,2024.663,0,4.658,-0.063,1,4.658,-0.063,0,TRUE,none
4/13/2023 15:00,2024.538,2029.173,2024.452,2026.604,0,none,none,0,19.084,-1.612,1,19.084,-1.612,0,none,none
4/13/2023 16:00,2026.592,2028.617,2025.762,2026.57,0,none,none,0,20.48,-1.578,1,20.48,-1.578,0,none,none
4/13/2023 17:00,2026.601,2027.959,2024.992,2026.673,0,none,none,0,21.999,-1.236,1,21.999,-1.236,0,none,none
4/13/2023 18:00,2026.666,2028.652,2025.437,2028.611,0,none,none,0,20.061,-2.233,1,20.061,-2.233,0,none,none
4/13/2023 19:00,2028.602,2045.688,2026.378,2044.984,1,275064190,2044.842,0,3.688,-11.434,0,3.688,-11.434,0,FALSE,none
4/13/2023 20:00,2045.05,2047.05,2039.694,2046.52,0,none,none,0,2.152,-12.97,0,2.152,-12.97,1,none,none
4/13/2023 21:00,2046.55,2048.672,2033.55,2034.214,0,275190804,2034.148,1,9.902,-0.194,1,9.902,-0.194,0,none,FALSE
4/13/2023 22:00,2034.179,2042.396,2034.02,2038.938,1,275236610,2039.069,0,5.178,-2.301,1,5.178,-2.301,0,TRUE,none
4/13/2023 23:00,2038.976,2040.59,2037.289,2040.17,0,none,none,0,3.946,-3.533,0,3.946,-3.533,0,none,none
4/14/2023 0:00,2040.201,2044.116,2039.179,2043.793,1,275308211,2043.94,0,0.218,-7.156,0,0.218,-7.156,1,FALSE,none
4/14/2023 1:00,2043.782,2044.011,2037.515,2038.324,0,275337486,2038.496,1,2.763,-1.687,0,2.763,-1.687,0,none,FALSE
4/14/2023 2:00,2038.322,2040.903,2036.637,2040.629,0,none,none,0,3.053,-1.998,0,3.053,-1.998,0,none,none
4/14/2023 3:00,2040.576,2041.087,2039.872,2040.525,0,none,none,0,5.488,-1.894,1,5.488,-1.894,0,none,none
4/14/2023 5:00,2040.561,2040.767,2040.024,2040.12,0,none,none,0,7.309,-1.489,1,7.309,-1.489,0,none,none
4/14/2023 6:00,2040.121,2040.192,2038.709,2039.751,0,none,none,0,7.678,-1.12,1,7.678,-1.12,0,none,none
4/14/2023 7:00,2039.75,2043.682,2038.631,2041.909,0,none,none,0,5.52,-0.756,1,5.52,-0.756,0,none,none
4/14/2023 8:00,2041.878,2046.013,2041.153,2045.934,1,275473135,2046.004,0,1.495,-6.35,0,1.495,-6.35,1,FALSE,none
4/14/2023 9:00,2045.909,2047.429,2044.89,2046.129,0,none,none,0,0.37,-6.545,0,0.37,-6.545,1,none,none
4/14/2023 10:00,2046.102,2046.102,2042.866,2045.059,0,none,none,0,1.44,-8.425,0,1.44,-8.425,1,none,none
4/14/2023 11:00,2045.058,2046.499,2042.452,2043.253,0,275561616,2043.385,1,1.041,-11.517,0,1.041,-11.517,1,none,TRUE
4/14/2023 12:00,2043.25,2043.712,2039.584,2042.807,0,none,none,0,1.487,-11.071,0,1.487,-11.071,1,none,none
4/14/2023 13:00,2042.838,2044.294,2040.67,2041.3,0,none,none,0,0.91,-9.564,0,0.91,-9.564,1,none,none
4/14/2023 14:00,2041.32,2041.329,2036.634,2039.233,0,275675991,2039.198,1,2.977,-7.497,0,2.977,-7.497,1,none,TRUE
4/14/2023 15:00,2039.229,2039.346,2031.736,2035.788,0,275725380,2035.758,1,6.422,-18.552,0,6.422,-18.552,0,none,FALSE
4/14/2023 16:00,2035.758,2038.763,2034.522,2038.632,0,none,none,0,3.578,-21.396,0,3.578,-21.396,0,none,none
4/14/2023 17:00,2038.664,2042.21,2037.711,2038.272,0,none,none,0,1.848,-40.506,0,1.848,-40.506,1,none,none
4/14/2023 18:00,2038.273,2038.275,2032.27,2033.261,0,275823277,2033.317,1,6.859,-39.622,0,6.859,-39.622,0,none,FALSE
4/14/2023 19:00,2033.286,2040.12,2017.236,2024.67,0,275895587,2024.424,1,3.409,-32.269,0,3.409,-32.269,0,none,FALSE
4/14/2023 20:00,2024.638,2028.079,2019.921,2023.506,0,none,none,0,-0.228,-31.105,0,-0.228,-31.105,1,none,none
4/14/2023 21:00,2023.278,2023.278,1997.766,1998.471,0,276018649,1998.539,1,8.376,-6.07,0,8.376,-6.07,0,none,FALSE
4/14/2023 22:00,1998.502,2000.823,1993.639,1995.662,0,276072448,1995.755,1,12.329,-3.261,0,12.329,-3.261,0,none,FALSE
4/14/2023 23:00,1995.66,1999.656,1992.401,1999.557,1,276110554,1999.694,0,8.434,-0.961,1,8.434,-0.961,0,TRUE,none
4/15/2023 0:00,1999.569,2004.139,1998.596,2003.898,1,276131851,2004.088,0,4.093,-4.21,0,4.093,-4.21,0,FALSE,none
4/15/2023 1:00,2003.929,2006.847,2003.371,2006.345,0,none,none,0,1.646,-6.657,0,1.646,-6.657,1,none,none
4/15/2023 2:00,2006.376,2007.991,2004.981,2005.317,0,none,none,0,0.335,-5.629,0,0.335,-5.629,1,none,none
4/15/2023 3:00,2005.301,2005.652,2003.873,2004.29,0,none,none,0,0.754,-9.026,0,0.754,-9.026,1,none,none
4/17/2023 5:00,2001.244,2005.044,1999.688,2001.207,0,none,none,0,5.104,-5.943,0,5.104,-5.943,0,none,none
4/17/2023 6:00,2001.226,2004.934,2001.226,2002.885,0,none,none,0,3.426,-7.621,0,3.426,-7.621,0,none,none
4/17/2023 7:00,2002.904,2004.679,2001.486,2002.13,0,none,none,0,4.181,-6.866,0,4.181,-6.866,0,none,none
4/17/2023 8:00,2002.16,2004.985,1995.264,2003.218,0,none,none,0,10.293,-0.063,1,10.293,-0.063,0,none,none
4/17/2023 9:00,2003.187,2006.311,2003.155,2004.079,0,none,none,0,10.956,-0.332,1,10.956,-0.332,0,none,none
4/17/2023 10:00,2004.051,2005.16,2004.017,2004.543,0,none,none,0,10.492,-0.796,1,10.492,-0.796,0,none,none
4/17/2023 11:00,2004.517,2006.042,2003.747,2004.381,0,none,none,0,10.654,3.925,1,10.654,3.925,0,none,none
4/17/2023 13:00,2011.331,2013.511,2010.563,2011.407,0,none,none,0,3.628,-6.5,0,3.628,-6.5,0,none,none
4/17/2023 14:00,2011.396,2015.035,2010.122,2010.82,0,none,none,0,1.891,-23.539,0,1.891,-23.539,1,none,none
4/17/2023 15:00,2010.777,2012.711,2008.306,2009.901,0,none,none,0,2.169,-22.62,0,2.169,-22.62,1,none,none
4/17/2023 16:00,2009.898,2012.07,2009.757,2010.4,0,none,none,0,-0.23,-23.119,0,-0.23,-23.119,1,none,none
4/17/2023 18:00,2007.582,2010.17,2004.907,2009.111,0,none,none,0,-11.996,-21.83,0,-11.996,-21.83,1,none,none
4/17/2023 23:00,1989.96,1992.121,1987.281,1991.516,0,none,none,0,5.599,2.483,1,5.599,2.483,0,none,none
4/18/2023 1:00,1995.265,1997.115,1994.085,1995.551,0,none,none,0,1.13,-1.552,0,1.13,-1.717,0,none,none
4/18/2023 2:00,1995.575,1996.681,1994.583,1996.271,0,none,none,0,0.202,-2.437,0,0.202,-2.927,0,none,none
4/18/2023 3:00,1996.303,1996.473,1994.498,1994.952,0,none,none,0,1.162,-1.608,0,4.408,-1.608,0,none,none
4/18/2023 5:00,1995.063,1995.063,1993.999,1994.608,0,none,none,0,4.752,-1.264,1,6.263,-1.264,0,none,none
4/18/2023 6:00,1994.626,1995.328,1993.834,1993.943,0,none,none,0,7.844,-0.599,1,7.844,-0.599,0,none,none
4/18/2023 7:00,1993.952,1996.114,1993.344,1995.175,0,none,none,0,6.612,-0.683,1,6.612,-0.683,0,none,none
4/18/2023 8:00,1995.166,1999.36,1994.492,1997.644,0,none,none,0,4.143,-1.487,0,4.143,-1.487,0,none,none
4/18/2023 9:00,1997.663,2000.871,1996.157,2000.409,0,none,none,0,1.378,-4.045,0,1.378,-4.045,0,none,none
4/18/2023 10:00,2000.377,2001.787,1999.424,2000.248,0,none,none,0,3.861,-3.884,0,3.861,-3.884,0,none,none
4/18/2023 11:00,2000.285,2000.459,1998.281,1998.412,0,none,none,0,6.74,-2.048,1,6.74,-2.048,0,none,none
4/18/2023 12:00,1998.402,2001.785,1996.364,2000.574,0,none,none,0,4.578,-2.492,1,4.578,-2.492,0,none,none
4/18/2023 13:00,2000.587,2001.14,1998.082,1999.773,0,none,none,0,5.379,-1.209,1,5.379,-1.209,0,none,none
4/18/2023 14:00,1999.805,2004.109,1998.564,2002.317,0,none,none,0,2.835,-11.206,0,2.835,-11.206,1,none,none
4/18/2023 15:00,2002.322,2005.152,2001.903,2003.2,0,none,none,0,8.661,-12.089,0,8.661,-12.089,0,none,none
4/18/2023 16:00,2003.197,2004.109,1999.084,2001.198,0,none,none,0,10.663,-10.087,0,10.663,-10.087,0,none,none
4/18/2023 17:00,2001.176,2004.778,1999.687,2003.48,0,none,none,0,8.381,-12.369,0,8.381,-12.369,0,none,none
4/18/2023 20:00,2001.278,2001.665,1991.111,1999.096,0,none,none,0,12.765,4.29,1,12.765,4.29,0,none,none
4/18/2023 22:00,2009.171,2011.861,2007.123,2008.429,0,none,none,0,0.104,-5.043,0,0.104,-5.043,1,none,none
4/18/2023 23:00,2008.459,2008.533,2005.127,2007.148,0,none,none,0,-0.983,-3.762,0,-0.983,-3.762,0,none,none
4/19/2023 1:00,2004.067,2005.593,2003.386,2005.291,0,none,none,0,0.982,-1.488,0,0.982,-1.488,0,none,none
4/19/2023 2:00,2005.321,2006.165,2003.803,2004.07,0,none,none,0,3.383,0.03,0,3.383,0.03,0,none,none
4/19/2023 3:00,2004.1,2005.453,2004.1,2005.011,0,none,none,0,2.442,-3.075,0,2.442,-3.075,0,none,none
4/19/2023 5:00,2005.071,2005.934,2004.571,2005.488,0,none,none,0,1.965,-3.552,0,1.965,-3.552,0,none,none
4/19/2023 6:00,2005.491,2006.273,2004.8,2005.755,0,none,none,0,1.698,-3.819,0,1.698,-3.819,0,none,none
4/19/2023 7:00,2005.757,2007.453,2004.818,2007.365,0,none,none,0,-0.477,-7.895,0,-0.477,-7.895,1,none,none
4/19/2023 9:00,2003.46,2006.888,2001.936,2004.189,0,none,none,0,0.58,-17.322,0,0.58,-17.322,1,none,none
4/19/2023 10:00,2004.172,2004.769,2002.175,2003.397,0,none,none,0,1.045,-16.53,0,1.045,-16.53,1,none,none
4/19/2023 11:00,2003.431,2004.442,2002.587,2003.909,0,none,none,0,0.37,-27.302,0,0.37,-27.302,1,none,none
4/19/2023 12:00,2003.928,2004.279,1999.47,2000.439,0,277654977,2000.512,1,0.849,-27.831,0,0.849,-27.831,1,none,TRUE
4/19/2023 13:00,2000.474,2001.288,1986.867,1991.049,0,277718284,1991.01,1,4.436,-19.868,0,4.436,-19.868,0,none,FALSE
4/19/2023 14:00,1991.082,1995.485,1990.326,1991.326,0,none,none,0,0.062,-22.113,0,0.062,-22.113,1,none,none
4/19/2023 15:00,1991.358,1991.388,1976.607,1980.006,0,277804064,1979.711,1,0.522,-10.793,0,0.522,-10.793,1,none,TRUE
4/19/2023 16:00,1980.008,1980.528,1972.608,1974.066,0,277852631,1974.061,1,18.822,-4.853,0,18.822,-4.853,0,none,FALSE
4/19/2023 17:00,1974.061,1976.38,1971.181,1972.977,0,none,none,0,22.989,-3.764,0,22.989,-3.764,0,none,none
4/19/2023 18:00,1973.007,1973.198,1969.213,1970.582,0,277913220,1970.589,1,25.384,-0.915,1,25.384,-0.915,0,none,FALSE
4/19/2023 19:00,1970.589,1980.477,1969.667,1980.289,1,277954074,1980.657,0,16.188,-0.954,1,16.188,-0.954,0,TRUE,none
4/19/2023 20:00,1980.322,1992.888,1979.335,1990.64,1,278002188,1990.86,0,5.872,-1.776,1,5.872,-1.776,0,TRUE,none
4/19/2023 21:00,1990.674,1995.966,1990.395,1992.794,0,none,none,0,3.9,-3.93,0,3.9,-3.93,0,none,none
4/19/2023 22:00,1992.818,1995.805,1988.864,1990.742,0,none,none,0,6.092,-0.405,1,6.092,-0.405,0,none,none
4/19/2023 23:00,1990.78,1996.477,1990.337,1996.002,1,278102573,1996.381,0,0.832,-2.336,0,0.832,-2.336,0,FALSE,none
4/20/2023 0:00,1996.014,1996.512,1993.689,1993.946,0,none,none,0,2.888,-0.28,0,2.888,-0.28,0,none,none
4/20/2023 1:00,1993.949,1996.694,1993.666,1996.35,0,none,none,0,0.484,-3.2,0,0.484,-3.2,0,none,none
4/20/2023 2:00,1996.32,1996.834,1993.775,1994.456,0,none,none,0,2.226,-1.306,0,2.226,-1.306,0,none,none
4/20/2023 3:00,1994.422,1995.383,1993.912,1994.679,0,none,none,0,3.901,-2.481,0,3.901,-2.481,0,none,none
4/20/2023 5:00,1994.615,1995.699,1994.096,1994.506,0,none,none,0,4.074,-3,0,4.074,-3,0,none,none
4/20/2023 6:00,1994.48,1994.707,1993.15,1993.653,0,none,none,0,4.927,-3.139,0,4.927,-3.139,0,none,none
4/20/2023 7:00,1993.688,1996.682,1993.505,1995.644,0,none,none,0,2.936,-5.13,0,2.936,-5.13,1,none,none
4/20/2023 8:00,1995.623,1998.58,1992.198,1995.715,0,none,none,0,1.157,-5.201,0,1.157,-5.201,1,none,none
4/20/2023 9:00,1995.722,1996.872,1991.506,1991.769,0,278253343,1991.845,1,9.298,-1.255,1,9.298,-1.255,0,none,FALSE
4/20/2023 10:00,1991.778,1993.175,1990.514,1992.761,0,none,none,0,8.306,-1.34,1,8.306,-1.34,0,none,none
4/20/2023 11:00,1992.753,1994.357,1992.046,1992.735,0,none,none,0,8.332,-1.314,1,8.332,-1.314,0,none,none
4/20/2023 12:00,1992.71,1995.256,1991.421,1994.272,0,none,none,0,6.795,-1.896,1,6.795,-1.896,0,none,none
4/20/2023 13:00,1994.309,2001.067,1994.309,1999.148,1,278360128,1999.271,0,5.538,-6.772,0,5.538,-6.772,0,FALSE,none
4/20/2023 14:00,1999.178,1999.93,1995.486,1997.167,0,none,none,0,7.519,-4.791,0,7.519,-4.791,0,none,none
4/20/2023 15:00,1997.178,1999.065,1994.515,1996.689,0,none,none,0,14.533,-4.313,0,14.533,-4.313,0,none,none
4/20/2023 16:00,1996.668,2000.163,1992.376,1999.554,0,none,none,0,11.668,-2.112,1,11.668,-2.112,0,none,none
4/20/2023 17:00,1999.584,2004.686,1999.561,2003.582,1,278500304,2003.56,0,7.64,-6.14,0,7.64,-6.14,0,FALSE,none
4/20/2023 18:00,2003.55,2004.609,2000.996,2001.082,0,278525563,2001.147,1,10.14,-3.64,0,10.14,-3.64,0,none,FALSE
4/20/2023 19:00,2001.114,2011.222,1997.442,2006.788,1,278584394,2006.749,0,-2006.788,-2006.788,0,-2006.788,-2006.788,1,FALSE,none
