date,open,high,low,close
2023-02-14 07:00:00,0.798076420972782,0.7926674914732021,0.7768358854013687,0.7549514179714082
2023-02-14 08:00:00,0.7550774802895619,0.7607527965678198,0.7753673267192416,0.7723043540333686
2023-02-14 09:00:00,0.772477974601231,0.788523529150216,0.7958898120313507,0.8028177369586199
2023-02-14 10:00:00,0.8026528874025783,0.7790728210464525,0.7917579350612971,0.7602850580762265
2023-02-14 11:00:00,0.7600880289010474,0.7369281057198485,0.7235695196428289,0.7368046378008224
2023-02-14 12:00:00,0.7364491535211186,0.7602951052067731,0.7576948408834633,0.7717213747660973
2023-02-14 13:00:00,0.7718826618949158,0.8700915517107194,0.6764511876891288,0.7996547643383211
2023-02-14 14:00:00,0.7998871637878233,0.8172714946386318,0.5932909409604917,0.7232720765116142
2023-02-14 15:00:00,0.7233894810263294,0.8107895953632763,0.6762022794379209,0.6751204697978638
2023-02-14 16:00:00,0.6752559682511444,0.6756345734500115,0.600695961433934,0.6409851731270145
2023-02-14 17:00:00,0.6403433584953718,0.6341578401098004,0.6328424620774652,0.6436147817368328
2023-02-14 18:00:00,0.6432455079386571,0.7263269841950761,0.6722197474185916,0.6918408113357678
2023-02-14 19:00:00,0.69197433342016,0.6931134354272623,0.6950819702920583,0.7147010409013095
2023-02-14 20:00:00,0.7140753176421077,0.6946102098782524,0.7254238861143308,0.7205184297598234
2023-02-14 21:00:00,0.7198424094845373,0.6904043973713424,0.7256230127152955,0.7008831918855655
2023-02-14 23:00:00,0.6955090026139042,0.6822401730932202,0.7212422274940341,0.7073703867107323
2023-02-15 00:00:00,0.707092795690955,0.6897858955320886,0.7232086026785771,0.7191292025697297
2023-02-15 01:00:00,0.7185029558953261,0.7320543112265456,0.7377821807868139,0.7579531410071438
2023-02-15 02:00:00,0.7579424226887033,0.7420616709856364,0.7025865540659844,0.6736816273509822
2023-02-15 03:00:00,0.6730483502985578,0.644610521193153,0.646756433319999,0.6252323290964991
2023-02-15 04:00:00,0.6249644469155645,0.6026760964918922,0.634398138647516,0.6191668639540403
2023-02-15 05:00:00,0.6189493081121706,0.5897741481251021,0.6168376615247816,0.6010448914118485
2023-02-15 06:00:00,0.6012511574473454,0.5749177339462809,0.578742253677378,0.5665374803150819
2023-02-15 07:00:00,0.5658920631618385,0.5505363914429822,0.4912634487902801,0.4687954244406996
2023-02-15 08:00:00,0.4681615605417723,0.44647964200729023,0.4518488272114706,0.4447072172696303
2023-02-15 09:00:00,0.4444482710735531,0.46373584332241,0.46359729666849675,0.4702218630733842
2023-02-15 10:00:00,0.4695754282192711,0.46290705085781275,0.4744372510086093,0.4642556284445039
2023-02-15 11:00:00,0.4642300162104828,0.44212538905895776,0.4702680378008726,0.4598274667760837
2023-02-15 12:00:00,0.4591946629029014,0.45658596206066165,0.4799505687728692,0.46949003803574646
2023-02-15 13:00:00,0.4692405648219683,0.47987874132687797,0.45082830338151875,0.4567017055983757
2023-02-15 14:00:00,0.4559700524103613,0.47716970327095526,0.46037393481535127,0.44120934166600206
2023-02-15 15:00:00,0.44137248875759105,0.44185324824968786,0.432558437742841,0.4496563391343342
2023-02-15 16:00:00,0.4495952455135687,0.46488625674341616,0.4443193526124244,0.4818938522330029
2023-02-15 17:00:00,0.4821017997479849,0.4690673291767594,0.45678965599795407,0.459529775235351
2023-02-15 18:00:00,0.4589342135938891,0.4508710050659769,0.47473594091006044,0.47113974532398206
2023-02-15 19:00:00,0.4713861710343124,0.46820142660180514,0.49140034832844415,0.4657812975907671
2023-02-15 20:00:00,0.4659663449372365,0.4714423762394857,0.48879925710331845,0.49205257606055547
2023-02-15 21:00:00,0.4914283654802545,0.4762914306592162,0.503733752175807,0.473372431879489
2023-02-15 23:00:00,0.47668197365090614,0.4578229657391638,0.49751104589560363,0.47785020880469703
2023-02-16 00:00:00,0.4775377356662364,0.46697679296008776,0.4944992560559857,0.46471456956980284
2023-02-16 01:00:00,0.46482532891679795,0.5212441443360237,0.4847918342588689,0.5393359157804987
2023-02-16 02:00:00,0.5389045538088846,0.5257344676889911,0.5633970599903974,0.5499535807333501
2023-02-16 03:00:00,0.5498558271354735,0.5239902925023007,0.5465833076212866,0.5282841173307422
2023-02-16 04:00:00,0.5283253509237451,0.506375360120415,0.5451271943517195,0.5150740552106634
2023-02-16 05:00:00,0.514769584507027,0.5140818930374906,0.49493484549559813,0.4854785545360099
2023-02-16 06:00:00,0.48550004311319894,0.46878281833070196,0.482302751746787,0.47811068890284175
2023-02-16 07:00:00,0.47786019671548846,0.5100492610455698,0.4997761109815978,0.5390382242397631
2023-02-16 08:00:00,0.5384084598869558,0.5528990684689209,0.5118730519903127,0.49359064902101557
2023-02-16 09:00:00,0.4929786589862834,0.4948959659839064,0.4885254580269903,0.4669100446827189
2023-02-16 10:00:00,0.46707015391352835,0.4839732235027224,0.4975608275458441,0.4996561141634744
2023-02-16 11:00:00,0.49981235276085817,0.4742132644793321,0.49466104641927,0.4900059467180086
2023-02-16 12:00:00,0.49015092363128576,0.4941413937400176,0.5018918311168679,0.52070538685622
2023-02-16 13:00:00,0.5207599186143222,0.49803795532730344,0.39792285458723065,0.40836404167166807
2023-02-16 14:00:00,0.40853107112587494,0.4574023844884742,0.4018431595437594,0.3841021811018328
2023-02-16 15:00:00,0.3836023515489296,0.4419522085439686,0.399018050892546,0.4551512288237186
2023-02-16 16:00:00,0.4553251303118516,0.5315978651250957,0.4588182582453005,0.5337790070201266
2023-02-16 17:00:00,0.5331126572703621,0.5413454541117012,0.529508201588408,0.5523971321302082
2023-02-16 18:00:00,0.5525347343138931,0.5561894982537405,0.5675164915478907,0.5732851552383906
2023-02-16 19:00:00,0.5731474367700516,0.5589727565303745,0.5803974935479126,0.5568625052412222
2023-02-16 20:00:00,0.557036786655399,0.530336121373024,0.5020660668927123,0.4794751084645387
2023-02-16 21:00:00,0.4788275798632502,0.4820311277274733,0.5039826604270148,0.4797728000052743
2023-02-16 23:00:00,0.4779966225440214,0.452021418486983,0.47006891119990796,0.45193864094662906
2023-02-17 00:00:00,0.4519268869466376,0.423186862741074,0.4382459912829481,0.43066609959833524
2023-02-17 01:00:00,0.43003674264150754,0.4139093351522997,0.4152842051089976,0.3860247723024072
2023-02-17 02:00:00,0.38556192254054894,0.3772445461214648,0.37659141745869446,0.3930453311380548
2023-02-17 03:00:00,0.392346006922932,0.3637612060257778,0.3992420683186337,0.37647383537052
2023-02-17 04:00:00,0.37648340376924383,0.35142827935110255,0.34781762361903285,0.35765724923328407
2023-02-17 05:00:00,0.35750781125544984,0.34027050617100285,0.37950364399782865,0.3681136646015694
2023-02-17 06:00:00,0.36780176013548116,0.3399241451410217,0.3430883668460798,0.3275035769197531
2023-02-17 07:00:00,0.3273453008021504,0.33620076406872784,0.32690933051754895,0.32515925603647067
2023-02-17 08:00:00,0.3244183466627693,0.2960352546277272,0.2906682891416445,0.30420921385730354
2023-02-17 09:00:00,0.3036568160300299,0.3460596833863961,0.29740125733682654,0.3468411232532756
2023-02-17 10:00:00,0.3469286083703075,0.3203918570574564,0.3358078004982415,0.31779139040329973
2023-02-17 11:00:00,0.31791951628549453,0.31211630244826855,0.32729513830692375,0.3326263521832202
2023-02-17 12:00:00,0.332802333943373,0.3555103914901623,0.360997315520503,0.35873638106844524
2023-02-17 13:00:00,0.3584131826629719,0.3724944519960122,0.3756953477543437,0.3686718362404468
2023-02-17 14:00:00,0.36888076441567996,0.35318482457457495,0.33722657753012825,0.3554245626777771
2023-02-17 15:00:00,0.355014939297755,0.5032952209609416,0.38541521496402065,0.45314181092376266
2023-02-17 16:00:00,0.4533159499280405,0.5029488599309605,0.4822654155091067,0.5177408752630753
2023-02-17 17:00:00,0.5171384329842397,0.5277136735745973,0.5457370195671791,0.532997566725701
2023-02-17 18:00:00,0.533149864314506,0.535333616234177,0.5563654018937669,0.5494078129086697
2023-02-17 19:00:00,0.5491985026889188,0.5373499322301374,0.5767012060174715,0.5562795259739508
2023-02-17 20:00:00,0.5564042669049402,0.5377086632969033,0.5650647452734892,0.5451409008248156
2023-02-17 21:00:00,0.5444980127786373,0.5294825888348573,0.5715114689797801,0.553997224161656
2023-02-19 23:00:00,0.5371806274301817,0.5147003948767417,0.5336649693835844,0.5063541738299925
2023-02-20 00:00:00,0.5062243667017945,0.48496282644552413,0.519925233916895,0.5088473404836412
2023-02-20 01:00:00,0.5085808128309592,0.5154054869734888,0.5289108217855083,0.5275770999214984
2023-02-20 02:00:00,0.5269114832462463,0.5326616882886085,0.5467077617468906,0.5508218477271573
2023-02-20 03:00:00,0.5506619797586093,0.5309917333226293,0.5714492419169795,0.5579044256337925
2023-02-20 04:00:00,0.5576445017097621,0.5533196497196133,0.5839070998899463,0.5550143369258296
2023-02-20 05:00:00,0.5550152039235372,0.5527753681010708,0.5677529543865385,0.5784451419444485
2023-02-20 06:00:00,0.5777611102439947,0.5621271159105562,0.5928304606957591,0.5719083318624938
2023-02-20 07:00:00,0.5716343503081693,0.5714788637200416,0.5884994571247353,0.5971997090106996
2023-02-20 08:00:00,0.5967367027577887,0.5855683356181921,0.5665084131304989,0.5677034388496246
2023-02-20 09:00:00,0.5682609116390483,0.5645763831939937,0.5933158317856148,0.570072567361301
2023-02-20 10:00:00,0.5696623769684992,0.5525650774757274,0.588474566299615,0.5651110416823972
2023-02-20 11:00:00,0.5655199927203891,0.5669019501095782,0.5931664868348877,0.581682537449932
2023-02-20 12:00:00,0.5820771273647787,0.5549401245384536,0.5877278415459913,0.5573834654375059
2023-02-20 13:00:00,0.5577809275382951,0.5773298911193614,0.5852138682087892,0.6012929676957933
2023-02-20 14:00:00,0.6010651222266234,0.5794575374463873,0.6099802392039985,0.6021116194328127
2023-02-20 15:00:00,0.6015240091044056,0.5741879017759616,0.5819407247054033,0.5629031627552871
2023-02-20 16:00:00,0.5625434291888134,0.5433617701076616,0.5850894140831853,0.5558950077338365
2023-02-20 17:00:00,0.5561562199439757,0.5299526502326887,0.5627374531246944,0.5324642027152175
2023-02-20 18:00:00,0.5307314064451015,0.511323374834429,0.5578712968135745,0.5343867939157919
2023-02-20 19:00:00,0.5328150009172031,0.5084164161899448,0.5638326494300098,0.5373389016947396
2023-02-20 23:00:00,0.5401571909617574,0.5265880002271579,0.5699806832348524,0.5437640774489189
2023-02-21 00:00:00,0.5439027000723222,0.539316768078956,0.559787890347877,0.5423996578872219
2023-02-21 01:00:00,0.5422159807377631,0.5305340419615827,0.5545483716599481,0.5510575201969052
2023-02-21 02:00:00,0.550860417327382,0.5352470259766811,0.5648282824348442,0.5398196645341915
2023-02-21 03:00:00,0.5392146125100915,0.5178423842201415,0.5175606055304199,0.5032284126522844
2023-02-21 04:00:00,0.50275170924829,0.48412166394414213,0.5185935747729319,0.5125436771144237
2023-02-21 05:00:00,0.5122767125493323,0.4900469115641731,0.5169507803149574,0.518956449054406
2023-02-21 06:00:00,0.5189119687551371,0.48999743141703417,0.5237833118106232,0.5064658081577679
2023-02-21 07:00:00,0.5063607925303246,0.4784438170598116,0.47362829919218213,0.45821497093044183
2023-02-21 08:00:00,0.45760716235272864,0.4410615658954448,0.4423654228404415,0.4583514128866113
2023-02-21 09:00:00,0.4577311858332109,0.4536171532322538,0.45952764676124386,0.4668356217975343
2023-02-21 10:00:00,0.4669957398252379,0.4474939850236614,0.45600559500664717,0.43844329110001445
2023-02-21 11:00:00,0.43827190174553315,0.43548267930539497,0.4593783018105168,0.4459848101319457
2023-02-21 12:00:00,0.44584973640300396,0.42265495115931606,0.43183660381433747,0.4382820415154511
2023-02-21 13:00:00,0.43833391348577566,0.45768689533452883,0.4628132356771899,0.4823651971724988
2023-02-21 14:00:00,0.4826475030621083,0.5408630226770851,0.47944030685789324,0.46167563509147636
2023-02-21 15:00:00,0.46105501511013447,0.5215039151085089,0.4811951100289115,0.5069867683540544
2023-02-21 16:00:00,0.5071545428054125,0.48716469299326126,0.4637839778569013,0.43635945031487666
2023-02-21 17:00:00,0.43574182274369455,0.4593568503005081,0.45564467804239545,0.48320865653791206
2023-02-21 18:00:00,0.4825606866257699,0.4617442674000191,0.4502931506414198,0.4403658823005888
2023-02-21 19:00:00,0.43973537881522656,0.4240156552056712,0.4548232808134082,0.4487756683263301
2023-02-21 20:00:00,0.4489379210670139,0.450339093484219,0.4796643242839809,0.45723506960885923
2023-02-21 21:00:00,0.4566273768569161,0.4391936903409041,0.48291257696224665,0.45832660525821733
2023-02-21 23:00:00,0.4570118496464135,0.4451313079977198,0.4834352842897827,0.46776590786232913
2023-02-22 00:00:00,0.46759105253155303,0.45743949459882843,0.49107676760187274,0.4842629807446793
2023-02-22 01:00:00,0.4844210388330029,0.4738421633757815,0.49163681116709196,0.47643617398621224
2023-02-22 02:00:00,0.4758758210277732,0.4631420815567285,0.49545755282313697,0.4736577196060248
2023-02-22 03:00:00,0.4730232809766797,0.4582559170266409,0.4924706538086393,0.4752330040090758
2023-02-22 04:00:00,0.4750324613604937,0.45477993669004746,0.4955073344733774,0.4796611656774988
2023-02-22 05:00:00,0.4791252362164092,0.45910944956480765,0.48644707412940347,0.4851560553668832
2023-02-22 06:00:00,0.4848055116225003,0.45705602345849305,0.49212218225694765,0.46517351069510177
2023-02-22 07:00:00,0.46449046551949513,0.4929909803190115,0.4906038419245772,0.5215240385932394
2023-02-22 08:00:00,0.5209087467909004,0.5079092446817592,0.4646427113235688,0.4579172793897063
2023-02-22 09:00:00,0.45788001400978895,0.44675178281656014,0.46463026591100876,0.4478701898899292
2023-02-22 10:00:00,0.4476232721739014,0.42761533591011486,0.4548979532887717,0.44057674714194284
2023-02-22 11:00:00,0.4405167267422636,0.4898861010859687,0.46818965390328576,0.5087357061558657
2023-02-22 12:00:00,0.5090148950126483,0.5663205583806814,0.5317359304367217,0.5420895625322893
2023-02-22 13:00:00,0.5418935196885083,0.5157271079299004,0.49235864509559546,0.5055231182787762
2023-02-22 14:00:00,0.5054554211228054,0.48193216743319256,0.483485065940026,0.47153666737829336
2023-02-22 15:00:00,0.47084046772019184,0.4732360315733152,0.44417000766170023,0.47374454630540636
2023-02-22 16:00:00,0.4731100974130181,0.45714261371598625,0.46108332333129465,0.4373021401938656
2023-02-22 17:00:00,0.43672160823950423,0.42463415704492224,0.4376486114800486,0.43790992708953375
2023-02-22 18:00:00,0.43807346417676335,0.4220859294672068,0.42137001185103684,0.40812836920192014
2023-02-22 19:00:00,0.4072164222327625,0.41665548331857666,0.3629263544673657,0.3359009591312946
2023-02-22 20:00:00,0.3353200105971637,0.33719036701152955,0.3480665318702407,0.3333085619640673
2023-02-22 21:00:00,0.3327155175070346,0.3272943375835043,0.3616942586238863,0.3398577758602189
2023-02-22 23:00:00,0.34568837356548543,0.3234596261801421,0.36520386496592006,0.3378731655886597
2023-02-23 00:00:00,0.3378004802068106,0.31632211495517853,0.34394710031274733,0.33046808851289783
2023-02-23 01:00:00,0.3301358291130042,0.3549537398348349,0.3604123811301636,0.3702967359002885
2023-02-23 02:00:00,0.36971172173490874,0.36784331816484034,0.3834612851920377,0.39479426893986885
2023-02-23 03:00:00,0.3943923943508897,0.3752653402358586,0.39157569418142335,0.3723557690570323
2023-02-23 04:00:00,0.3718821326433515,0.3686226304822958,0.39782329128674687,0.3973866661070962
2023-02-23 05:00:00,0.39677364517615027,0.3681773091580339,0.39945364033216124,0.3852309281937847
2023-02-23 06:00:00,0.3852890708834887,0.41554218000792476,0.41151324510319304,0.4247742878546367
2023-02-23 07:00:00,0.42417043201469457,0.41619779195753004,0.4140023276152749,0.3953524405787463
2023-02-23 08:00:00,0.39469005070404867,0.3660991429781498,0.386659756220063,0.3577192683042689
2023-02-23 09:00:00,0.3573713854269197,0.3372893273058103,0.37482416887511605,0.3523980320136476
2023-02-23 10:00:00,0.351777926457167,0.33617602399515556,0.3589313770354763,0.3550772558802537
2023-02-23 11:00:00,0.35450644302777823,0.3445134287882671,0.3539283211861923,0.35409735455867103
2023-02-23 12:00:00,0.3541591772824275,0.3514653894614567,0.364419803974616,0.35949301373447695
2023-02-23 13:00:00,0.3596534174677939,0.338142859843977,0.27105431894644627,0.3423013272570799
2023-02-23 14:00:00,0.34246376307294535,0.3699091143079397,0.3390809440016274,0.37536989590696485
2023-02-23 15:00:00,0.37477187973858883,0.3490161221780192,0.30750693233587545,0.31867206121130665
2023-02-23 16:00:00,0.3184032078593754,0.29001104671341543,0.2850180718392205,0.2737330423746459
2023-02-23 17:00:00,0.27390358306232093,0.27461035091605157,0.2909545336305356,0.2899200199020664
2023-02-23 18:00:00,0.28935690873041864,0.2919407724518798,0.2942774587841648,0.3081908382146246
2023-02-23 19:00:00,0.3079480284547181,0.297284628343014,0.33659186148954556,0.3111181383651756
2023-02-23 20:00:00,0.3111602365992102,0.2969877474601746,0.3380106385214323,0.31759292937614547
2023-02-23 21:00:00,0.3178699068933028,0.29001104671341543,0.331402124451857,0.30274556378202805
2023-02-23 23:00:00,0.30490945318289986,0.2894667650948756,0.3320866221426802,0.3141818804718988
2023-02-24 00:00:00,0.3143724447436996,0.3277520289445509,0.3414704632132256,0.3539361049741049
2023-02-24 01:00:00,0.35414677493437957,0.3343205184774024,0.3558075784828145,0.3495327509340814
2023-02-24 02:00:00,0.3491114216267982,0.34236104238767173,0.3591305036364437,0.33514432646526293
2023-02-24 03:00:00,0.3350223542440075,0.33951593392711404,0.36486783882679136,0.3455139151341695
2023-02-24 04:00:00,0.34556435008500325,0.32508010099898244,0.36496740212727224,0.3432936323928595
2023-02-24 05:00:00,0.3434683532648509,0.3167426962058709,0.355085744554311,0.33132395169250806
2023-02-24 06:00:00,0.3311652240010057,0.31721275760370227,0.34612504751081796,0.3252336789216553
2023-02-24 07:00:00,0.3254229368546749,0.32422656846081566,0.32624972365184884,0.3001283589864068
2023-02-24 08:00:00,0.29982449048312393,0.3143429090695752,0.3014086801812761,0.31051035146951034
2023-02-24 09:00:00,0.31044090041241007,0.31412024840744424,0.3235864053639226,0.2944474120840651
2023-02-24 10:00:00,0.2940449962926493,0.29781653992477186,0.31746326238420014,0.30289440955239444
2023-02-24 11:00:00,0.3027018352303161,0.2836775878794796,0.2702204763048989,0.26379758720264435
2023-02-24 12:00:00,0.26318795434864845,0.23579317548461848,0.24386109250195573,0.2389279397371438
2023-02-24 13:00:00,0.23828403946779894,0.2235715791410087,0.20087463751831194,0.21955318196103046
2023-02-24 14:00:00,0.21980454087593376,0.19559055593326355,0.16669953462743708,0.187079996392611
2023-02-24 15:00:00,0.18716156081299032,0.18701812044123636,0.17490106150474352,0.15857603136731563
2023-02-24 16:00:00,0.15877258613058837,0.17375744100768314,0.17364407483614389,0.17876944088045107
2023-02-24 17:00:00,0.17900081579725233,0.1549302450208648,0.17201372579072954,0.14927317071937327
2023-02-24 18:00:00,0.14916076639320777,0.1371668721975566,0.16686132499072137,0.14909951732061297
2023-02-24 19:00:00,0.1492971922217379,0.13986354021669456,0.17583446744677458,0.16255765572463668
2023-02-24 20:00:00,0.16183596609849962,0.16472731415460934,0.18673664884969046,0.16118083234873992
2023-02-24 21:00:00,0.1606205359897735,0.14425490327538126,0.1892879584245729,0.1605234301962868
2023-02-26 23:00:00,0.17415149771039565,0.16081838253053876,0.1958093546062274,0.17246830326824433
2023-02-27 00:00:00,0.17212991497853378,0.17050412133321782,0.1840982213868844,0.19441065058319107
2023-02-27 01:00:00,0.19383402406293904,0.17405432189052253,0.20728402498692258,0.1986899664812449
2023-02-27 02:00:00,0.19807562709543264,0.1713700239081721,0.19836066418110984,0.1721458040991148
2023-02-27 03:00:00,0.17191907506171317,0.14867100640763742,0.13522508626216884,0.12496169489275298
2023-02-27 04:00:00,0.12511261352768577,0.12216201757731288,0.1439368750544512,0.14174405550163896
2023-02-27 05:00:00,0.14154572469159318,0.1182530859532423,0.14777006212305635,0.13428936316908924
2023-02-27 06:00:00,0.13416632760289504,0.1431539700015141,0.15215084734432058,0.12626409538346514
2023-02-27 07:00:00,0.12611720371959415,0.1518253657878192,0.14468359980807774,0.15878689620866965
2023-02-27 08:00:00,0.15851213682157322,0.16798063382907186,0.181422457686398,0.15191518314339128
2023-02-27 09:00:00,0.1513559819977436,0.1355340273419316,0.1597798852438505,0.13079148756546102
2023-02-27 10:00:00,0.13064406075719878,0.1397274698120596,0.15848556233756772,0.1583775703401614
2023-02-27 11:00:00,0.15776799593868,0.1536313911584362,0.1830776975569297,0.1683626407689508
2023-02-27 12:00:00,0.16777669081360308,0.1636882310646659,0.18124822191055076,0.16755639284613127
2023-02-27 13:00:00,0.16757825324483042,0.20034065005871612,0.18225630032794532,0.2151498279210042
2023-02-27 14:00:00,0.21458315234763048,0.2313770723523623,0.2344648060188502,0.24844166522644015
2023-02-27 15:00:00,0.24787105450908367,0.2475199703568302,0.22793096442463562,0.2176057831320593
2023-02-27 16:00:00,0.21733647361433764,0.2109294015467037,0.21252354367485154,0.23655881122546743
2023-02-27 17:00:00,0.23674614830982074,0.23326968798047248,0.2599903471802433,0.25743443051945
2023-02-27 18:00:00,0.25725963198159574,0.24730967973148402,0.26279056500633646,0.25997721242988947
2023-02-27 19:00:00,0.2598889297678207,0.24653036741402853,0.26715890481503773,0.24225216194200888
2023-02-27 20:00:00,0.24165747813691993,0.22187688410145714,0.2545268110662238,0.240205532599462
2023-02-27 21:00:00,0.2396234930570101,0.21559290541466308,0.2599156747048826,0.23913880457849782
2023-02-27 23:00:00,0.23905298504679084,0.21798032251417412,0.26733314059088215,0.23941168849083663
2023-02-28 00:00:00,0.2392266179194648,0.2228541170074769,0.2563687321251657,0.23137401689101555
2023-02-28 01:00:00,0.2315743691737064,0.22292833722818534,0.24703467270486076,0.2407885118667334
2023-02-28 02:00:00,0.24098775134231434,0.23846510343018695,0.2607495173464271,0.2474617639048575
2023-02-28 03:00:00,0.24744937467544248,0.21969975762729232,0.23875847335219083,0.2112550302630647
2023-02-28 04:00:00,0.2109988737616917,0.1906054311088953,0.2279807460748789,0.20573533294528637
2023-02-28 05:00:00,0.20556664531656502,0.17890337631025582,0.2079311864400626,0.19202911825731775
2023-02-28 06:00:00,0.19211009768423332,0.20839354400577298,0.2132702684284781,0.22177346470233764
2023-02-28 07:00:00,0.22156567429878332,0.19473702339509683,0.1824056452786695,0.15600844182848503
2023-02-28 08:00:00,0.15619289773655518,0.1548065446530146,0.11144190285923111,0.15887372290805118
2023-02-28 09:00:00,0.15908264483179246,0.15963085899917562,0.17460237160329517,0.15460681082419434
2023-02-28 10:00:00,0.15451858075004402,0.14416831301788527,0.1560587068882892,0.13807252649925325
2023-02-28 11:00:00,0.1378374226251722,0.13233018781461087,0.15284779044770383,0.138804351536891
2023-02-28 12:00:00,0.13827150480686132,0.1199106708824368,0.1531589257617123,0.14196732415718993
2023-02-28 13:00:00,0.1415829317357398,0.174165652221588,0.14589080482643693,0.19976909831640607
2023-02-28 14:00:00,0.19996078399876438,0.23334390820118375,0.21743948163621477,0.25958029037557534
2023-02-28 15:00:00,0.2598021133314823,0.3296446445726583,0.28987178273778036,0.32539492850621865
2023-02-28 16:00:00,0.3255841673793009,0.3502778659300936,0.3555711156441667,0.3565905212123199
2023-02-28 17:00:00,0.3567264633284128,0.38380066561753157,0.3840835558200575,0.3896590898622049
2023-02-28 18:00:00,0.38902217764600555,0.37937219244849063,0.40425756958047776,0.37576681796127614
2023-02-28 19:00:00,0.3754912159253862,0.3742633672562722,0.4043571328809615,0.38580150364685906
2023-02-28 20:00:00,0.38573555541322574,0.361274828631986,0.3816318095456588,0.35449427661298233
2023-02-28 21:00:00,0.3538739232773193,0.339070612602855,0.38188071779686666,0.355250909279014
2023-02-28 23:00:00,0.3562675764506278,0.3371779969747448,0.3721110689369465,0.3437649773323554
2023-03-01 00:00:00,0.34357997439728516,0.31600049399876967,0.342702559056705,0.3178161980316965
2023-03-01 01:00:00,0.3180187350698809,0.363043743892246,0.3454405498199948,0.38758765289126407
2023-03-01 02:00:00,0.38739747005168895,0.3608418773445117,0.39642940507998037,0.3708300999107692
2023-03-01 03:00:00,0.37065430018657464,0.3851984797742409,0.39772372798626315,0.4108944197679078
2023-03-01 04:00:00,0.4106642749901711,0.3902949349296718,0.4282523249969402,0.39912320009471053
2023-03-01 05:00:00,0.398956458432641,0.40254127134685386,0.42814031628389637,0.412184416444423
2023-03-01 06:00:00,0.4124750178052124,0.4533079023126269,0.44136978983560987,0.45766920310576137
2023-03-01 07:00:00,0.45742112713200395,0.44393141442957196,0.4456012301061471,0.46785273456171067
2023-03-01 08:00:00,0.4672437867862023,0.44264493060392807,0.45946541969844046,0.4705567660567107
2023-03-01 09:00:00,0.4710761123331055,0.46877044829391723,0.4338900968868041,0.42029651092942866
2023-03-01 10:00:00,0.41984201254586256,0.4312273866513461,0.43884337108584764,0.45908323792424904
2023-03-01 11:00:00,0.4590086276821767,0.47510390712785305,0.48418200904340924,0.4640695712315467
2023-03-01 12:00:00,0.4642176138624349,0.500450112500384,0.4844309172946171,0.5296237292640452
2023-03-01 13:00:00,0.5289826753703,0.5136365717132287,0.4775983857989542,0.4881825860310127
2023-03-01 14:00:00,0.48757123523725543,0.548693255962011,0.5141132262511867,0.5512311735956683
2023-03-01 15:00:00,0.5520758474361082,0.5504250611119167,0.4715996969448357,0.5480309895327757
2023-03-01 16:00:00,0.5476978185750816,0.5206751226439145,0.5161169376734102,0.5403158171020813
2023-03-01 17:00:00,0.5404672496629616,0.5140324128903516,0.5114374625506976,0.487450760993375
2023-03-01 18:00:00,0.4876084422813992,0.48191979739640783,0.5097822226801658,0.5034640851220323
2023-03-01 19:00:00,0.5028385256846284,0.48037354279827876,0.5209955393970902,0.501516686293064
2023-03-01 20:00:00,0.5017099120122378,0.48024984243042856,0.5164031821623012,0.48867873859890254
2023-03-01 21:00:00,0.48807973150723216,0.46488625674341616,0.5110641001738857,0.4804550097861214
2023-03-01 23:00:00,0.4870131295750841,0.47490598653929444,0.5107778556849975,0.48024414494476736
2023-03-02 00:00:00,0.47973295127077226,0.471430006202701,0.497959080747779,0.46895667402526575
2023-03-02 01:00:00,0.46912894368953406,0.44443858593776037,0.4420045058761897,0.43658271897042483
2023-03-02 02:00:00,0.4365603777148782,0.44344898299495583,0.4620167292733229,0.45420853894472685
2023-03-02 03:00:00,0.45375003210972675,0.4303367440028223,0.46324882511680515,0.441680686605498
2023-03-02 04:00:00,0.44143450049783356,0.4294089912439443,0.46989467542406077,0.4532038299947503
2023-03-02 05:00:00,0.45324153583975,0.42902552010360895,0.4566652018723501,0.44235049257215087
2023-03-02 06:00:00,0.4425135047780296,0.41544321971364406,0.4518986088617139,0.42554332433486813
2023-03-02 07:00:00,0.4252246315987947,0.41665548331857666,0.43189883087714087,0.4192049752800705
2023-03-02 08:00:00,0.41930871157978716,0.4277761463883193,0.42862568737375206,0.44731201825105177
2023-03-02 09:00:00,0.44713958060002057,0.43399827489119247,0.44179293386266216,0.4227772737688805
2023-03-02 10:00:00,0.42216125163088064,0.40226913053758395,0.43457459457762726,0.41863439982699613
2023-03-02 11:00:00,0.41875060591761865,0.46028460305938607,0.44710712502595745,0.4815961606922702
2023-03-02 12:00:00,0.48125844008070534,0.46319156170386744,0.4410835453467188,0.4296365830199619
2023-03-02 13:00:00,0.429813500376639,0.4288647096254045,0.4299697919302782,0.426461206585466
2023-03-02 14:00:00,0.4260307842219304,0.47135578598198974,0.45384009322113666,0.48116202719536516
2023-03-02 15:00:00,0.4804894945017134,0.4806209435339792,0.4796643242839809,0.48075270132685693
2023-03-02 16:00:00,0.48034066632513533,0.47708311301345924,0.5026261104579315,0.47374454630540636
2023-03-02 17:00:00,0.4734697655064168,0.44732080450867223,0.45695144636123836,0.4444715447998824
2023-03-02 18:00:00,0.4442374311567325,0.45852805783591083,0.4640204406955491,0.4711273415097851
2023-03-02 19:00:00,0.4709520888526233,0.454718086506121,0.4919106102434201,0.46828686805861286
2023-03-02 20:00:00,0.46767786896789143,0.46968583101601047,0.4901433616598417,0.4741662759881144
2023-03-02 21:00:00,0.4734945702025127,0.45042568374171504,0.49542021658545665,0.47205762757457986
2023-03-02 23:00:00,0.47546654354218,0.47040329314954227,0.5043809136289469,0.49593496990429803
2023-03-03 00:00:00,0.49532270276740015,0.498545126835489,0.5258243594705297,0.5157562649915133
2023-03-03 01:00:00,0.5155509324340641,0.5118305463426146,0.5298566731400995,0.5069619607256577
2023-03-03 02:00:00,0.5063979995744713,0.5070186020332382,0.5327813450917966,0.5062921547590076
2023-03-03 03:00:00,0.5060135267849739,0.49400532333538266,0.5306407341314064,0.5073960942225627
2023-03-03 04:00:00,0.5072537615897987,0.4857050286526282,0.528736586009664,0.5028066829695792
2023-03-03 05:00:00,0.5021812012380708,0.49259513914188857,0.5266457566995142,0.5104970477718769
2023-03-03 06:00:00,0.5105279814745306,0.5475552125777896,0.5402361472154794,0.5635729687219372
2023-03-03 07:00:00,0.5632627653756136,0.5528866984321362,0.5785929087266538,0.5567632747276436
2023-03-03 08:00:00,0.5564662786451826,0.5638465510236744,0.587566051182707,0.5760884172469691
2023-03-03 09:00:00,0.5750822030655779,0.5848013933375215,0.60545010903201,0.594632119471869
2023-03-03 10:00:00,0.5949507646388432,0.5902689495965058,0.6178208491170532,0.6082515074604561
2023-03-03 11:00:00,0.6076259643441378,0.6075004108380561,0.631884165310314,0.6273781889526245
2023-03-03 12:00:00,0.6269736272993784,0.6000907588038198,0.6098308942532743,0.5939126982484282
2023-03-03 13:00:00,0.5940701979274199,0.5918523143049891,0.6126560029044849,0.6088344867277274
2023-03-03 14:00:00,0.608568542795801,0.5945366122873422,0.5771741316947671,0.569427569023042
2023-03-03 15:00:00,0.5680500717222305,0.5600118396203151,0.5411695531575105,0.579896388205527
2023-03-03 16:00:00,0.5800431422848689,0.5958973163336946,0.6009946513353851,0.6189063838558985
2023-03-03 17:00:00,0.6187012611512063,0.5943015815884266,0.6247280530880795,0.613609955193671
2023-03-03 18:00:00,0.6137651266280112,0.6188066244595755,0.6355306711905118,0.6477700594929142
2023-03-03 19:00:00,0.6479087908047918,0.6626460348257283,0.6649267356581932,0.6876483221370927
2023-03-03 20:00:00,0.687807144475954,0.695203971643934,0.7110369891944986,0.7106946089155973
2023-03-03 21:00:00,0.7099329333939977,0.6829947453371061,0.7248513971365516,0.7123319123896331
2023-03-05 23:00:00,0.692594450822571,0.6679651506432929,0.7049885186901426,0.675492584223784
2023-03-06 00:00:00,0.675330382339432,0.6685836524825439,0.6953433239558263,0.6741281646620841
2023-03-06 01:00:00,0.6738421005736456,0.6628563254510744,0.6872911420292441,0.6792509399255512
2023-03-06 02:00:00,0.678865051533179,0.6747315607647059,0.6906514034205536,0.6934781148098036
2023-03-06 03:00:00,0.6929913259601135,0.6898848558263693,0.7195869876234996,0.7083006727755271
2023-03-06 04:00:00,0.7080725811867646,0.6953771521589232,0.725286986576164,0.6953386869393932
2023-03-06 05:00:00,0.6954966002658562,0.6844296696041697,0.7210431008930667,0.6992706960399235
2023-03-06 06:00:00,0.6990436718076513,0.6841451587581151,0.7154177744157629,0.6900794697197566
2023-03-06 07:00:00,0.6893946450261268,0.7183235703951583,0.7124557662263854,0.7242891892757904
2023-03-06 08:00:00,0.7236251256392459,0.7052608115501636,0.7087843695210646,0.6894220675673007
2023-03-06 09:00:00,0.6887869299717637,0.678393091653076,0.6851007494186134,0.6639446332061377
2023-03-06 10:00:00,0.664069050311639,0.6547168412465216,0.6770859037297114,0.6480677510336498
2023-03-06 11:00:00,0.6481940448099028,0.628294442673693,0.6439064338436654,0.6278247262637264
2023-03-06 12:00:00,0.6276185493978854,0.6473071892122881,0.6537756460040693,0.6733343205534588
2023-03-06 13:00:00,0.674859093113599,0.6582051916199027,0.6802221476949334,0.665681167193752
2023-03-06 14:00:00,0.6653836992047515,0.6646252407113344,0.6848891774050858,0.6696379839226764
2023-03-06 15:00:00,0.6692904388399451,0.666060164978398,0.669655992431149,0.6592187799969819
2023-03-06 16:00:00,0.6585624077782246,0.6471092686237294,0.6693075208794573,0.6670827981980427
2023-03-06 17:00:00,0.6667355551420078,0.651636702087051,0.6581315404002105,0.650933032113216
2023-03-06 18:00:00,0.6509845731207539,0.6220228340236837,0.6335145143557255,0.6104593863875662
2023-03-06 19:00:00,0.60992039873306,0.581857324582683,0.6168003252871013,0.5985269171298057
2023-03-06 20:00:00,0.5980637539989491,0.583539649585447,0.6234835118320401,0.6043319021741227
2023-03-06 21:00:00,0.6036944200128483,0.5819686549137485,0.6287728121702123,0.6074824709802246
2023-03-06 23:00:00,0.6011767433590549,0.5802863299109845,0.6268064369856664,0.6014170058377658
2023-03-07 00:00:00,0.6009410987461384,0.5718994449707313,0.6037824237489153,0.5951530796681528
2023-03-07 01:00:00,0.5953600421244365,0.5976167514468128,0.6139129895730874,0.6202335919750045
2023-03-07 02:00:00,0.6199166912599352,0.6228887365986352,0.6439811063190289,0.6358003787925627
2023-03-07 03:00:00,0.6353824192760781,0.6067705786677368,0.6351075271634594,0.6164876400874342
2023-03-07 04:00:00,0.6161463774532717,0.6020452246158565,0.6415791416948706,0.613833223849222
2023-03-07 05:00:00,0.6136038961033852,0.6114835626828351,0.6395878756852046,0.6148007213566077
2023-03-07 06:00:00,0.6148069238640633,0.5980868128446442,0.6385051247924494,0.6075320862370153
2023-03-07 07:00:00,0.6068942258092898,0.6359267553700575,0.6205339490552227,0.6276262652365694
2023-03-07 08:00:00,0.6269860296474264,0.6129061169131139,0.6267193190977457,0.6017271011926983
2023-03-07 09:00:00,0.601424790320022,0.5799152288074338,0.5950581895440701,0.5695019919082266
2023-03-07 10:00:00,0.5693399159192443,0.5468501204810425,0.5874167062319801,0.5601247083750996
2023-03-07 11:00:00,0.559963740794783,0.5422732068705791,0.5647660553720408,0.5467285890420636
2023-03-07 12:00:00,0.546395572030017,0.5174094329326644,0.5378092917662008,0.5180881820605988
2023-03-07 13:00:00,0.5178329644749411,0.49521758694031526,0.46974533047333655,0.4662650463444599
2023-03-07 14:00:00,0.4655322627555473,0.43675679309425414,0.42794118968293177,0.41982516598993275
2023-03-07 15:00:00,0.4191846880993049,0.39159378879210044,0.2475698254449569,0.24800753172953516
2023-03-07 16:00:00,0.24701529249375617,0.25897462441976926,0.264831612666243,0.27482457802400406
2023-03-07 17:00:00,0.27501979438666074,0.2852980626983199,0.26569034613291054,0.23797284604395508
2023-03-07 18:00:00,0.23788716433025645,0.22233457546250376,0.21628205826809602,0.2065291770539089
2023-03-07 19:00:00,0.20591391106191576,0.1926217471048557,0.21361873998016973,0.19856592833927245
2023-03-07 20:00:00,0.1988569750224725,0.1964440884714331,0.22705978554540795,0.19921092667752863
2023-03-07 21:00:00,0.19940267833659306,0.18309681878038106,0.2194431930584381,0.1916073885746097
2023-03-07 23:00:00,0.19906781493929307,0.1772952715282031,0.22056328018887653,0.19970707924541842
2023-03-08 00:00:00,0.19948949477293143,0.17339870994091724,0.20921306393378528,0.19176863815917589
2023-03-08 01:00:00,0.19172562489473877,0.1729286485430859,0.1970538958622669,0.17912915149217148
2023-03-08 02:00:00,0.17852952657141938,0.158418595394243,0.18622638693471452,0.16285534726536943
2023-03-08 03:00:00,0.16262971637358742,0.14166956558730875,0.17256132394338863,0.14865298000951102
2023-03-08 04:00:00,0.14854064899079675,0.14346322092113822,0.17822398665837272,0.16933013827633933
2023-03-08 05:00:00,0.16890530448599367,0.1594453084474017,0.18526809016756324,0.17638790855457775
2023-03-08 06:00:00,0.17637151801102735,0.17156794449673077,0.19814909216758225,0.19904967709296528
2023-03-08 07:00:00,0.19847250223297794,0.18496469433492177,0.2164438486313803,0.202932070936705
2023-03-08 08:00:00,0.2023668395201208,0.1872902612505091,0.2200032366236573,0.19152056187523098
2023-03-08 09:00:00,0.1909690816637976,0.1864862088594813,0.2165060756941837,0.19675497146647353
2023-03-08 10:00:00,0.19694701342304485,0.1822432862422143,0.20928773640914594,0.2012203445774846
2023-03-08 11:00:00,0.20141185872040698,0.20408877120458227,0.22907594238019424,0.21290473755130027
2023-03-08 12:00:00,0.21292123770916727,0.1953678952711354,0.22228074712221163,0.21448002195435126
2023-03-08 13:00:00,0.2139134255530249,0.1877232125379834,0.20725913416179953,0.19556420530353685
2023-03-08 14:00:00,0.1954587316572556,0.2640092293912793,0.21710345549708324,0.27950081597636917
2023-03-08 15:00:00,0.27944743263988187,0.298830882941143,0.25543532618313464,0.28235369324173837
2023-03-08 16:00:00,0.2825852266960836,0.26932834520884114,0.2716268079242228,0.2458864795018037
2023-03-08 17:00:00,0.24584947177722177,0.22475910267237184,0.2448940617444705,0.22008654597151117
2023-03-08 18:00:00,0.2195068845227776,0.1978913827752814,0.22117310540433616,0.2069757143650109
2023-03-08 19:00:00,0.20637279793970076,0.20116944252331337,0.23507463123430986,0.22819864045651683
2023-03-08 20:00:00,0.22838696572531011,0.2008107114565475,0.21565978764007623,0.19206632969990864
2023-03-08 21:00:00,0.19234574229714976,0.17911366693560202,0.2184475600536065,0.19642006848314705
2023-03-08 23:00:00,0.20161029628917965,0.18883651584863811,0.22934974145652237,0.21533588513396146
2023-03-09 00:00:00,0.21530248853442782,0.20142921329579855,0.23944297104301115,0.22295182705107733
2023-03-09 01:00:00,0.22315317484895889,0.20248066642252674,0.2076200511260541,0.17958809261747039
2023-03-09 02:00:00,0.1790256204933482,0.17192667556349664,0.2042971259724249,0.18872970368084657
2023-03-09 03:00:00,0.18812894396075205,0.1715432044231613,0.2129466877019067,0.19687900960844595
2023-03-09 04:00:00,0.19673617350622427,0.17860649542741644,0.2139423207067383,0.2041104332854447
2023-03-09 05:00:00,0.20387992598200594,0.19706259031068415,0.22770694699854793,0.21372338928831958
2023-03-09 06:00:00,0.21310727292988918,0.1914465936102801,0.21836044216568287,0.19283536618014008
2023-03-09 07:00:00,0.19214730472837993,0.19171873441955,0.21461437298500136,0.21008907172852195
2023-03-09 08:00:00,0.2100190882658792,0.23308413742869857,0.22575301722656502,0.2387914977809744
2023-03-09 09:00:00,0.23820962537951132,0.23498912309359352,0.25776261833193226,0.23751390491865615
2023-03-09 10:00:00,0.23735386336418382,0.22602084642444342,0.26295235536962075,0.25051310219738093
2023-03-09 11:00:00,0.25022750063824833,0.2502537484863224,0.27808597704307386,0.259208175949658
2023-03-09 12:00:00,0.25857428087470824,0.23921967567407296,0.26994667722856797,0.24878897202396358
2023-03-09 13:00:00,0.24819351555833571,0.31021131678337366,0.2478809607589682,0.33699249478065274
2023-03-09 14:00:00,0.3366470618383241,0.3932142636109407,0.3534429500963366,0.41594277214619024
2023-03-09 15:00:00,0.4154019719445963,0.4377463960370558,0.40588791862588924,0.3817578602185532
2023-03-09 16:00:00,0.38194043691046636,0.373879896115934,0.3767283169968585,0.34886294496742853
2023-03-09 17:00:00,0.34826806195951865,0.3634395850693689,0.37319381982970173,0.3902172615010823
2023-03-09 18:00:00,0.3896298927003714,0.4319572188216626,0.40678398833024,0.46054688799952453
2023-03-09 19:00:00,0.4598643896975042,0.4318953686377361,0.43361629781047595,0.4053127033791418
2023-03-09 20:00:00,0.40549249585405955,0.39048048548144854,0.4162673927012691,0.40551116440629886
2023-03-09 21:00:00,0.4048599761035978,0.39678920424181485,0.4344501404520233,0.4094679811352232
2023-03-09 23:00:00,0.41537716724849766,0.39853337942850536,0.4369641137892254,0.4184111311714451
2023-03-10 00:00:00,0.4181552932113035,0.42987905264177567,0.4461612736713663,0.449247013265826
2023-03-10 01:00:00,0.44892551871896597,0.42131898718653327,0.4304800538452541,0.41153941810616396
2023-03-10 02:00:00,0.4117060722262233,0.40951797209361307,0.40532787506067286,0.39184216116092113
2023-03-10 03:00:00,0.3912297955985921,0.3705894663311173,0.40821521077468687,0.3890388991523426
2023-03-10 04:00:00,0.38883614242528364,0.372110980855674,0.4006857361756406,0.39579897788984547
2023-03-10 05:00:00,0.3954838009791365,0.38573039135599596,0.4110029831882171,0.4113161494506158
2023-03-10 06:00:00,0.4107014820343149,0.40400093568748974,0.43132634189936153,0.40737173653588565
2023-03-10 07:00:00,0.40695597292375013,0.4277019261676108,0.43753660276700473,0.44257376122770187
2023-03-10 08:00:00,0.44274914939094606,0.4585033177623413,0.4573248087380502,0.46208496095998464
2023-03-10 09:00:00,0.46145189024767974,0.4549531172050367,0.4494717534124354,0.4190685333239011
2023-03-10 10:00:00,0.41851496130470217,0.43213039933665176,0.4406230650819862,0.4334817654211107
2023-03-10 11:00:00,0.4328644779965052,0.45520051794073707,0.4566029748095467,0.45986467821867744
2023-03-10 12:00:00,0.460025620222133,0.46014853265475114,0.4756817922646516,0.4814721225502977
2023-03-10 13:00:00,0.48086156494316284,0.555682326745555,0.4512514474085711,0.5533894372659907
2023-03-10 14:00:00,0.5527827812748576,0.7447459689679868,0.5526317781256456,0.7499030655931229
2023-03-10 15:00:00,0.7500421269819805,0.8328330009142029,0.7736996414361469,0.8086227220029369
2023-03-10 16:00:00,0.8083207604606187,0.7902305942265522,0.7290703919945287,0.7129396992853013
2023-03-10 17:00:00,0.7130831297982502,0.8042829560143485,0.7399850188100047,0.8233832608976728
2023-03-10 18:00:00,0.8227446912407121,0.8076599760566612,0.8131142630149535,0.8064644583326146
2023-03-10 19:00:00,0.8065844317338678,0.801870798841268,0.8145330400468404,0.818421735218769
2023-03-10 20:00:00,0.8184658811640748,0.8648219160402966,0.8463808507889204,0.8913313550702416
2023-03-10 21:00:00,0.8915281135162051,0.8653167175116974,0.881862721998641,0.8592426877419393
2023-03-12 22:00:00,1.059021823907574,1.1663786727858128,1.032763349293571,1.0672918632725237
2023-03-12 23:00:00,1.0675794440608517,1.104540858897436,0.9986629188780568,0.9911820593581556
2023-03-13 00:00:00,0.9905236556371892,1.014375660771336,0.991581479131186,0.9810357393448
2023-03-13 01:00:00,0.9806513865907991,0.9831536879259157,0.9537100887098672,0.9326732677896985
2023-03-13 02:00:00,0.9320093775456345,1.0975394180771074,0.9574188216528684,1.1041808066951635
2023-03-13 03:00:00,1.1037943003616888,1.075966073924012,1.0804666156376077,1.0506459446198042
2023-03-13 04:00:00,1.0507494577594017,1.0338337286341928,1.069327971396044,1.0377955931114458
2023-03-13 05:00:00,1.0375409570880372,1.0112955216118624,1.0147423919061012,0.9931418620013237
2023-03-13 06:00:00,0.9932893792519472,1.0168620381651277,0.9690303915717277,0.9384534452056187
2023-03-13 07:00:00,0.9386074267072928,0.9651923945140489,0.9457201338460854,0.9724398961061015
2023-03-13 08:00:00,0.9721185711336146,1.0639052880586066,0.9949292951099353,1.0871875812449208
2023-03-13 09:00:00,1.0872991774575416,1.158894800530868,1.104075563264701,1.0927568938194898
2023-03-13 10:00:00,1.0920616791080628,1.0927027336941615,1.0677722948259931,1.0713355067008268
2023-03-13 11:00:00,1.070915675685826,1.135268030271458,1.062657230263668,1.1389983131468626
2023-03-13 12:00:00,1.138310034979919,1.270336461927224,1.140876648205822,1.259327714674448
2023-03-13 13:00:00,1.2594313660189467,1.3554423150082473,1.2199174633769656,1.2250187646048356
2023-03-13 14:00:00,1.224196295213922,1.39468007169037,1.253383177751897,1.3995404303602332
2023-03-13 15:00:00,1.3988337580810697,1.3970551187530964,1.3355104552380221,1.3281192682124299
2023-03-13 16:00:00,1.3274086356713037,1.3559865966267872,1.3416958252805422,1.3797687505298086
2023-03-13 17:00:00,1.3798209585231318,1.389905237491348,1.406785332971469,1.3879180564574052
2023-03-13 18:00:00,1.3877088518818068,1.3985147830937295,1.4001892643144538,1.4121675132130407
2023-03-13 19:00:00,1.4113849343058793,1.4163647461745308,1.399044286358898,1.4321996731416098
2023-03-13 20:00:00,1.4314023240557254,1.4100931375245187,1.4459759371241907,1.43355168888911
2023-03-13 23:00:00,1.3954479170639036,1.3896949468660018,1.4237857665289841,1.4163724062259098
2023-03-14 00:00:00,1.4164078852654156,1.4106126790694917,1.4268722288439657,1.4208625869653178
2023-03-14 01:00:00,1.4206246836018133,1.394383190807528,1.3669724581907303,1.3427433651509963
2023-03-14 02:00:00,1.34203100402017,1.334190591811561,1.350606740673795,1.3210366903057975
2023-03-14 03:00:00,1.3209470123381757,1.3217339647690327,1.3323866566853604,1.3029147177636058
2023-03-14 04:00:00,1.3027899747955654,1.2886193762955025,1.3199910257751941,1.3190520800342356
2023-03-14 05:00:00,1.3183425192480467,1.2903017012982665,1.3185722487433074,1.3179977558274711
2023-03-14 06:00:00,1.3172635149678507,1.4017804728049768,1.347209143044802,1.3860946957704092
2023-03-14 07:00:00,1.38614615602773,1.3974633299670012,1.4092246338333103,1.4234053688757544
2023-03-14 08:00:00,1.4226462663336752,1.400518729052905,1.3081927746679276,1.321197939890361
2023-03-14 09:00:00,1.3212446686913346,1.296548569874709,1.3106196301172088,1.282311982381962
2023-03-14 10:00:00,1.2815819596330889,1.291959286227461,1.3108436475432965,1.3132594988041184
2023-03-14 11:00:00,1.3124886109692815,1.2943219632534024,1.3338427699549273,1.318283043554007
2023-03-14 12:00:00,1.3183549215960946,1.3815059825143101,1.286674656350987,1.3911430481486917
2023-03-14 13:00:00,1.3911815093353113,1.3692225359867738,1.2415475904069528,1.295918966556355
2023-03-14 14:00:00,1.2960058904131824,1.332421676551301,1.3021691949886918,1.3606172614092433
2023-03-14 15:00:00,1.3606593307886132,1.344494832453494,1.34956132601872,1.318307851182401
2023-03-14 16:00:00,1.3176107807132014,1.3483666539672075,1.327445827898877,1.3744847256817754
2023-03-14 17:00:00,1.3745251559065352,1.3632972883667427,1.3678311916573977,1.3507066138656356
2023-03-14 18:00:00,1.3503901866046777,1.3565556183188994,1.3773394868535471,1.3505577680952694
2023-03-14 19:00:00,1.349856885638605,1.3322113859259548,1.3278191902756888,1.297233770861264
2023-03-14 20:00:00,1.2973205393062948,1.288149314897671,1.3309927704785938,1.3143758420818705
2023-03-14 23:00:00,1.32336547020758,1.2935673910095165,1.3370412409829526,1.3052342310184943
2023-03-15 00:00:00,1.3047991551793794,1.2756060975976495,1.2995432129384459,1.2886751390651565
2023-03-15 01:00:00,1.2882916299271814,1.298985467121359,1.3195181000978986,1.31266411572265
2023-03-15 02:00:00,1.3123769898368474,1.3057766173163414,1.3429528119491447,1.32338101118908
2023-03-15 03:00:00,1.3230802162024717,1.2979834941417727,1.3299100195858387,1.3025674109660823
2023-03-15 04:00:00,1.3021698573931544,1.2783027656167847,1.3121255250370165,1.2889976382342831
2023-03-15 05:00:00,1.288663700368628,1.2611207845223762,1.2897362278408453,1.2687174020217689
2023-03-15 06:00:00,1.2682122284370956,1.2651039363671552,1.2828663601075019,1.2715950869155348
2023-03-15 07:00:00,1.2716600811945042,1.264275143902558,1.254441037819532,1.2232698268030213
2023-03-15 08:00:00,1.2225467829235066,1.1957822502238338,1.1211133330598966,1.1119828058252368
2023-03-15 09:00:00,1.1118062172008458,1.2175782550390628,1.1339569988222353,1.2214960813728162
2023-03-15 10:00:00,1.2212073293342984,1.3548361832057811,1.253159160325812,1.3733063633330356
2023-03-15 11:00:00,1.3734213469302434,1.4687765920327136,1.3643713669656046,1.4918248079878218
2023-03-15 12:00:00,1.4910700205157694,1.6077415852757653,1.511637933792897,1.6116208455049263
2023-03-15 13:00:00,1.6108518979655888,1.6111928255387893,1.515583129574543,1.5913158016640154
2023-03-15 14:00:00,1.5905492542106345,1.5693078809846703,1.518234002449912,1.5694354734200564
2023-03-15 15:00:00,1.5697629188817992,1.5734394732708719,1.5687997136828424,1.6040049035878106
2023-03-15 16:00:00,1.6040306065390622,1.6972882815626145,1.6114252517022345,1.6832776801224747
2023-03-15 17:00:00,1.6827111025570438,1.6943689528813455,1.5707411980422652,1.5691873971361114
2023-03-15 18:00:00,1.568435867640636,1.5612797271111831,1.4120995241347643,1.460331523740988
2023-03-15 19:00:00,1.4603990137924905,1.5014953393291237,1.4856892486044486,1.4745711024394372
2023-03-15 20:00:00,1.474612104655766,1.4660551839400062,1.5011837872421534,1.4973569091197971
2023-03-15 23:00:00,1.516296396445871,1.5180340785107118,1.5495839966895764,1.5296316336610596
2023-03-16 00:00:00,1.5291576313718875,1.537170525417157,1.4641462394623848,1.4343951482545259
2023-03-16 01:00:00,1.4335975396602643,1.4247640011515688,1.3922242002757952,1.404080226356429
2023-03-16 02:00:00,1.4036334667757346,1.381332801999318,1.417052798333805,1.4085580032816396
2023-03-16 03:00:00,1.4082719449457735,1.4201870875411053,1.4326593456845564,1.4309096764650946
2023-03-16 04:00:00,1.4307201949130748,1.419853096547909,1.458620476285562,1.432584191381724
2023-03-16 05:00:00,1.431786796845223,1.4860822734949724,1.452173752579274,1.513233791292288
2023-03-16 06:00:00,1.5132826258701515,1.4874924576884665,1.480474620741637,1.4736284125604482
2023-03-16 07:00:00,1.4728757759290125,1.4917972304896572,1.4549739704053641,1.4736656240030392
2023-03-16 08:00:00,1.4736943309001962,1.5144715079166224,1.4966038754199247,1.5030130483937478
2023-03-16 09:00:00,1.5030506887303599,1.508867881253003,1.5199141331455668,1.537334402277557
2023-03-16 10:00:00,1.537107536470805,1.5205451959780731,1.5321853099301261,1.5473070688921495
2023-03-16 11:00:00,1.5473394736105939,1.570470664442464,1.5769514589099083,1.600606258497761
2023-03-16 12:00:00,1.6006323631738453,1.6296860305324112,1.6043687027804838,1.6432877831505208
2023-03-16 13:00:00,1.6433088428078104,1.6496636399402385,1.5894839893582386,1.5616086666615865
2023-03-16 14:00:00,1.561639380910205,1.6363040002124045,1.5449916394547845,1.5467488972532748
2023-03-16 15:00:00,1.5460248247174813,1.535933521738652,1.4664361953734992,1.4990686354790204
2023-03-16 16:00:00,1.4981889682954523,1.4875666779091776,1.4788442716962227,1.451127893606624
2023-03-16 17:00:00,1.4512088738887512,1.481134258780961,1.4817440528227996,1.4688901555370955
2023-03-16 18:00:00,1.4681256766265394,1.4961143733276325,1.5023909922605128,1.4952110492636719
2023-03-16 19:00:00,1.4952372094599755,1.497376117079707,1.526908455004514,1.5221025184433252
2023-03-16 20:00:00,1.5213317497534524,1.4935042955659934,1.5302811618083836,1.5057294837029476
2023-03-16 22:00:00,1.507825592728929,1.4906468170686482,1.5389182781253052,1.5153176320774258
2023-03-16 23:00:00,1.5151057710332407,1.508917361400142,1.543871552324349,1.53134336002028
2023-03-17 00:00:00,1.5311420070596056,1.5128881432081362,1.5296464457678038,1.5088304372522616
2023-03-17 01:00:00,1.508892194661077,1.5176011272232346,1.5269333458296341,1.5495521592618535
2023-03-17 02:00:00,1.5492122281658776,1.592328519441614,1.575594908940825,1.606163167258133
2023-03-17 03:00:00,1.6060149822267802,1.603337852180294,1.637448609366046,1.6100083496592816
2023-03-17 04:00:00,1.6098597101217313,1.6192333494490614,1.6391038492365806,1.6507548792972702
2023-03-17 05:00:00,1.650775056332847,1.64211791750137,1.6620905262356513,1.6325336762415
2023-03-17 06:00:00,1.6320475107800174,1.6605245322374989,1.6486494806704104,1.6690753128666163
2023-03-17 07:00:00,1.6682871717769503,1.6522366075915262,1.6609828845177759,1.6429032649104065
2023-03-17 08:00:00,1.642911967670268,1.6252451873265856,1.6406221895689483,1.6225237981843137
2023-03-17 09:00:00,1.6224232886945888,1.6427858994877629,1.6503296113660653,1.6667930110543214
2023-03-17 10:00:00,1.6664640266138584,1.6495646796459607,1.6696075554221375,1.6473686380214174
2023-03-17 11:00:00,1.6466574767808329,1.6940225918513643,1.6644924908598098,1.701536094620836
2023-03-17 12:00:00,1.7015874762864516,1.803893258576022,1.7350206438396327,1.8249664496977354
2023-03-17 13:00:00,1.8242218937873644,1.8812183585192583,1.8524555567596312,1.8960899203048058
2023-03-17 14:00:00,1.8957338326334685,2.0387631470134306,1.9190385139578054,2.0393291666547233
2023-03-17 15:00:00,2.0385468704088563,2.0340006828511936,1.9937981072081687,2.002390607975293
2023-03-17 16:00:00,2.002369221152163,2.0078133149772808,1.9884714706323132,2.0337102388233665
2023-03-17 17:00:00,2.033697552321997,2.1655189139496547,2.064873858340651,2.170983250544401
2023-03-17 18:00:00,2.170172990244736,2.321109236631793,2.1758869383794757,2.3042498302797263
2023-03-17 19:00:00,2.30341141532689,2.2833929944742275,2.2183133497979033,2.2127592967607628
2023-03-17 20:00:00,2.2128246651826053,2.3284446684453157,2.236807232862666,2.360352281893916
2023-03-19 22:00:00,2.332569335588281,2.3262428018975814,2.2343305957631467,2.225671667340106
2023-03-19 23:00:00,2.2256114860203318,2.220281066796994,2.2453074496414236,2.2215287933982215
2023-03-20 00:00:00,2.2214815041202725,2.2056844233906556,2.194729292995933,2.16109741062919
2023-03-20 01:00:00,2.1608836315566102,2.1344082714353,2.1481834500200123,2.1306708544033177
2023-03-20 02:00:00,2.1306467070150235,2.169130964690886,2.1617987313610976,2.1954435721413934
2023-03-20 03:00:00,2.194704834684139,2.1688340838080435,2.2027814749225154,2.17655256311897
2023-03-20 04:00:00,2.1760889102637435,2.1695391759047906,2.2086183734133464,2.195517995026575
2023-03-20 05:00:00,2.1949652839931515,2.332093829296901,2.2266393308008134,2.3595956492278845
2023-03-20 06:00:00,2.3596436613775706,2.3881919461170233,2.31927053648792,2.3662689012660083
2023-03-20 07:00:00,2.366204503495085,2.593101605461081,2.4035882065846756,2.549956985713179
2023-03-20 08:00:00,2.549101930162357,2.5489529441753014,2.4880801124572756,2.461877501098462
2023-03-20 09:00:00,2.461256098936732,2.4648366940370825,2.3447711868241954,2.3202507505941865
2023-03-20 10:00:00,2.3194228466571563,2.3315495476783585,2.2187738300626387,2.2678942508675672
2023-03-20 11:00:00,2.2670601331975226,2.2991771614119294,2.2843611542559814,2.3064080939500484
2023-03-20 12:00:00,2.306375576510415,2.306797104071509,2.2021343134693754,2.1911518524291425
2023-03-20 13:00:00,2.1905872551321246,2.285260870028768,2.227361164729317,2.2337837618251117
2023-03-20 14:00:00,2.233735023991923,2.2033835965486404,2.11723170898228,2.1435460135400697
2023-03-20 15:00:00,2.1435947583773753,2.1488441043634317,2.1365469892760327,2.18215908713613
2023-03-20 16:00:00,2.181335103488146,2.2370053565303563,2.208120556910931,2.1943892479346263
2023-03-20 17:00:00,2.1943451665907405,2.213749687374497,2.223403523535108,2.2284873331628843
2023-03-20 18:00:00,2.2284392213753295,2.275834901998574,2.248132558292637,2.3062964596222733
2023-03-20 19:00:00,2.3054081933626533,2.2794345827030176,2.2592214208839603,2.2242080172648304
2023-03-20 20:00:00,2.223999180774063,2.2189327327874238,2.260889106167055,2.24509604037301
2023-03-20 22:00:00,2.245157586544345,2.225909433534183,2.272587793973835,2.2381126929799535
2023-03-20 23:00:00,2.2376293612790685,2.212636384063845,2.249314872485876,2.217175054614986
2023-03-21 00:00:00,2.2166941977736525,2.2573293269681645,2.237354831015325,2.264247529493572
2023-03-21 01:00:00,2.2634262452193896,2.2608547874519,2.2867755642926997,2.2607000386331593
2023-03-21 02:00:00,2.2600404042022233,2.2813890485150545,2.2841993638926943,2.3005907050915346
2023-03-21 03:00:00,2.299740320304613,2.288984251101062,2.3205399685690824,2.3061600176661035
2023-03-21 04:00:00,2.3056686426716655,2.2720991508894928,2.308928398650223,2.27656451699145
2023-03-21 05:00:00,2.2765107224102747,2.260100215208014,2.2959976149999606,2.289948232510289
2023-03-21 06:00:00,2.289495980816773,2.2649121595173902,2.1927006907485866,2.1764037173486037
2023-03-21 07:00:00,2.1755680116457192,2.210137636633269,2.174829078311841,2.1394155434123854
2023-03-21 08:00:00,2.1386090144619887,2.1120803550383163,2.0812520212701435,2.0895770179678084
2023-03-21 09:00:00,2.088763977656146,2.0995371377382948,2.1145559452817935,2.1219509730226465
2023-03-21 10:00:00,2.121940258685165,2.0943293522517954,2.100928218528148,2.11940819111221
2023-03-21 11:00:00,2.1185296129719,2.0929933882790124,2.1191607479291426,2.0893785569406513
2023-03-21 12:00:00,2.0889996222690623,2.0656679770208757,2.05144525818797,2.0556649899525103
2023-03-21 13:00:00,2.054843555744231,2.049933290230315,1.9481358885240356,1.9206618762295706
2023-03-21 14:00:00,1.921766361186706,1.9156318008552202,1.8638804454900832,1.9251024417121878
2023-03-21 15:00:00,1.9242840378404966,1.8939100162607023,1.8371850355480113,1.8644601941017995
2023-03-21 16:00:00,1.8636489582326936,1.8417950512853618,1.7975588419556772,1.8165814713003907
2023-03-21 17:00:00,1.816247183992351,1.7907191693999618,1.7549955309990857,1.781019735996857
2023-03-21 18:00:00,1.7810617225795182,1.7573942903010853,1.7403223895903681,1.721617869806196
2023-03-21 19:00:00,1.7216544754284895,1.7394701069995728,1.7482998990415868,1.765390930108314
2023-03-21 20:00:00,1.7654223616906985,1.7401380889859654,1.7898800224059068,1.7690376514823056
2023-03-21 22:00:00,1.7595312463677897,1.7616248428815675,1.7896933412174993,1.7765791705142397
2023-03-21 23:00:00,1.7765720725860603,1.7793139954841617,1.8119084026378263,1.8019077591050365
2023-03-22 00:00:00,1.801128721721559,1.788405972521162,1.8269797972484787,1.8055172690364374
2023-03-22 01:00:00,1.8047626096996896,1.8071589482872719,1.8335136388426905,1.8119424447906165
2023-03-22 02:00:00,1.8111746236406259,1.7788934142334722,1.7846031674802947,1.7568322983122062
2023-03-22 03:00:00,1.7560709912623331,1.7534482485666605,1.7754806800735143,1.758444794157851
2023-03-22 04:00:00,1.7577205035527486,1.7307492310661259,1.7721950911575683,1.754413554543742
2023-03-22 05:00:00,1.754099017922663,1.7452345441413992,1.7733649599382473,1.7603921929868194
2023-03-22 06:00:00,1.7600521449858144,1.773945399519458,1.7863704160638703,1.7927785518558543
2023-03-22 07:00:00,1.792806746181195,1.7655090344320659,1.7254127853429997,1.7607767112269337
2023-03-22 08:00:00,1.7600025355936226,1.7958527346657498,1.7930411571962488,1.7863037608448873
2023-03-22 09:00:00,1.7863079158039201,1.8002440977244365,1.8213171345334918,1.8139022474337847
2023-03-22 10:00:00,1.8133450345490658,1.7961619855853768,1.8003590597817674,1.7963384465304675
2023-03-22 11:00:00,1.7959817472815405,1.7735866684526922,1.7953435585199233,1.7932747044237471
2023-03-22 12:00:00,1.792943172009725,1.773339267716992,1.761591599656101,1.7322107271306535
2023-03-22 13:00:00,1.7314027209944,1.7848557719638574,1.7653998958995858,1.798906036069301
2023-03-22 14:00:00,1.7989459084650683,1.8739695169632293,1.8300911503885804,1.8948123274424875
2023-03-22 15:00:00,1.8940347109508615,1.8778908186240846,1.8802212721818983,1.8528502240131683
2023-03-22 16:00:00,1.852635673165865,1.8520869218905072,1.8681367765857435,1.8758592993490795
2023-03-22 17:00:00,1.8750591184370675,1.8644074785284004,1.8611051184891132,1.8378540126486846
2023-03-22 18:00:00,1.8383605705623496,2.210830358693228,1.8739114480137715,2.1467710052313564
2023-03-22 19:00:00,2.145938802158492,2.1677207804973917,1.9743210365511317,2.16909787078642
2023-03-22 20:00:00,2.1682878333414046,2.165061222588611,2.132888037983272,2.131067776457632
2023-03-22 22:00:00,2.1306839140591673,2.097570301889473,2.10345463727791,2.0801501191778935
2023-03-22 23:00:00,2.0798714941055625,2.103718210171635,2.1162609668025687,2.1318368129378604
2023-03-23 00:00:00,2.1320233676483755,2.147903981567769,2.1673120491253575,2.1708592124024286
2023-03-23 01:00:00,2.1704830489459432,2.14050669957032,2.125806598236401,2.123675103196067
2023-03-23 02:00:00,2.123192895838035,2.1779013207714746,2.1574303915523934,2.2007151931752267
2023-03-23 03:00:00,2.1998890161682985,2.1958131340361997,2.212675577908039,2.22077216073219
2023-03-23 04:00:00,2.2203776951439775,2.202839314930098,2.2329616003815005,2.2319852087665097
2023-03-23 05:00:00,2.231155335597893,2.235768352851854,2.2481823399428773,2.2228684053315275
2023-03-23 06:00:00,2.222002402738297,2.26872213084718,2.253633430644337,2.237083176401583
2023-03-23 07:00:00,2.2370588532688496,2.270404455849944,2.233061163681984,2.2200155280661584
2023-03-23 08:00:00,2.219968417658387,2.2101871167804075,2.2245485014906667,2.215450924441566
2023-03-23 09:00:00,2.21504468548324,2.2115725609003323,2.23353408935928,2.2353714500423596
2023-03-23 10:00:00,2.2348512353162655,2.2335788563409045,2.249202863772832,2.230583577762219
2023-03-23 11:00:00,2.2302375618423227,2.208937743065118,2.240391511680063,2.2398368231533734
2023-03-23 12:00:00,2.2393284829616755,2.2298183651582537,2.1282583445107996,2.1594228957125607
2023-03-23 13:00:00,2.159395349790824,2.2874627365765052,2.188979512393025,2.309905969553674
2023-03-23 14:00:00,2.309959855096354,2.2805231459401,2.2825316786095993,2.2475395917698684
2023-03-23 15:00:00,2.2470427434476767,2.312635761434044,2.26686290419605,2.3091493368876423
2023-03-23 16:00:00,2.309178507169317,2.413018609944581,2.3299238096396304,2.435631030257065
2023-03-23 17:00:00,2.4347646835057093,2.468968286323284,2.429922699562496,2.5019790323981916
2023-03-23 18:00:00,2.5013404878286156,2.5135746389701104,2.4527600316108424,2.424914134790638
2023-03-23 19:00:00,2.4248676097632207,2.462337946606506,2.395896941622345,2.479205629532029
2023-03-23 20:00:00,2.479202296562524,2.4591217370423974,2.4519261889692947,2.4236365419283197
2023-03-23 22:00:00,2.429828548982514,2.397135482712601,2.4216216093847054,2.4074743720292933
2023-03-23 23:00:00,2.4069834238776706,2.3880806157859578,2.4278443156649088,2.3999824682541524
2023-03-24 00:00:00,2.3991327375631397,2.405905838793187,2.4169919159122335,2.430347005409035
2023-03-24 01:00:00,2.429295248016439,2.409047828136587,2.423251958430117,2.3919199890259346
2023-03-24 02:00:00,2.3918401569107797,2.3912349751661397,2.425504578103551,2.4046835138349114
2023-03-24 03:00:00,2.404316919047302,2.391803996858252,2.4178879856165842,2.4184889590364587
2023-03-24 04:00:00,2.418195146513272,2.3893547295748143,2.4348759737615393,2.423363658015981
2023-03-24 05:00:00,2.4231684880806137,2.3905298830693926,2.4123995586774445,2.3890919193889593
2023-03-24 06:00:00,2.3882062689326493,2.361497406734922,2.3616471662561067,2.3338825423969705
2023-03-24 07:00:00,2.333028222466066,2.3503396335548223,2.3702967279855884,2.37620435643801
2023-03-24 08:00:00,2.3761263819336698,2.384221164309026,2.311293027036701,2.3267627530477473
2023-03-24 09:00:00,2.326244138083683,2.4095055194976336,2.363489087315046,2.437665255785415
2023-03-24 10:00:00,2.4375800165126593,2.4760686874378903,2.452623132072678,2.4297020070707784
2023-03-24 11:00:00,2.4296177090656936,2.423867132205054,2.429051520683268,2.4553654986449014
2023-03-24 12:00:00,2.454397600466061,2.510012068376021,2.4595178906311417,2.4934700158588723
2023-03-24 13:00:00,2.4933781803816535,2.495489645190393,2.401659167637813,2.377779640841061
2023-03-24 14:00:00,2.376820913424371,2.452998568833805,2.3693508766309974,2.438297850309477
2023-03-24 15:00:00,2.4377040399931413,2.419834500213136,2.38443471665421,2.349461733028726
2023-03-24 16:00:00,2.349337310149491,2.3564009515794884,2.34158516120873,2.3445746302350066
2023-03-24 17:00:00,2.343719046483643,2.314355196547165,2.2411257910211266,2.256321492221527
2023-03-24 18:00:00,2.2563072974397067,2.224375548972839,2.236857014512909,2.2383483654497014
2023-03-24 19:00:00,2.2375425448427304,2.2202686967602094,2.2436024281206484,2.2094970936268825
2023-03-24 20:00:00,2.209451226513487,2.217572028741072,2.2359236085708782,2.2443518115211756
2023-03-26 22:00:00,2.214449372776925,2.181736032174834,2.1636033161823565,2.1826552397040198
2023-03-26 23:00:00,2.1824885218566323,2.1852491226217814,2.2086308188259065,2.206073640908442
2023-03-27 00:00:00,2.2052344281770866,2.1772951889690053,2.2021716497070556,2.1801992844929647
2023-03-27 01:00:00,2.180194087467707,2.209457284610091,2.1978033098983514,2.1902587778069385
2023-03-27 02:00:00,2.190227587038726,2.188972503694078,2.215089987944758,2.2207101416612023
2023-03-27 03:00:00,2.2199808200064353,2.187883940456993,2.227261601428836,2.192355022406276
2023-03-27 04:00:00,2.1919639157654798,2.1695020657944366,2.2120657526925798,2.1817373574534247
2023-03-27 05:00:00,2.181285494095951,2.1500439979315797,2.1630432726171374,2.136525454704425
2023-03-27 06:00:00,2.1356820603226048,2.1246606824486944,2.1290050692644265,2.131849216752057
2023-03-27 07:00:00,2.1310683868486615,2.134111390552458,2.1203181712972614,2.1469322548159226
2023-03-27 08:00:00,2.1460752279870223,2.1281119227117187,2.13799065713304,2.1145955112036754
2023-03-27 09:00:00,2.114213595851116,2.085237375214795,1.9965360979714584,1.9624131148175357
2023-03-27 10:00:00,1.9615903007695776,1.944256065975783,1.899636115776132,1.8839217785772973
2023-03-27 11:00:00,1.8832694728449946,1.9167203640923025,1.9120317466862953,1.9387590411433657
2023-03-27 12:00:00,1.9385343357479161,1.9558715305169292,1.851621714118084,1.833711138706803
2023-03-27 13:00:00,1.833064767945753,1.8650383504044363,1.8473653830224237,1.8775710257082998
2023-03-27 14:00:00,1.8767954471638184,1.9365742731322795,1.8701902696582102,1.9399125958637116
2023-03-27 15:00:00,1.9391172461061832,1.9621060290565844,1.962672130394592,1.9723113585469465
2023-03-27 16:00:00,1.9717478238210788,1.9706413544382573,1.980008590091236,1.9596098528089545
2023-03-27 17:00:00,1.9583408855809417,1.9304263648501176,1.9315337081684525,1.9200540893339053
2023-03-27 18:00:00,1.9196827667146044,1.9373164753393808,1.955404009459314,1.961247156282993
2023-03-27 19:00:00,1.961243035024227,1.9558096803330027,1.9910103347946355,1.9729563568852027
2023-03-27 20:00:00,1.972950851581757,1.9490061601012356,1.9935243081318377,1.965538875995244
2023-03-27 22:00:00,1.9688952837699853,1.9554385792294522,2.0031570574535937,1.976913173614127
2023-03-27 23:00:00,1.9768947982610974,1.9568363933861614,2.0114705930439443,1.9875308385669783
2023-03-28 00:00:00,1.9867298602633436,1.987019283141641,2.018477360315454,2.0034077207394665
2023-03-28 01:00:00,2.0029521315104306,2.0271600525090694,2.03484307783239,2.043397617711423
2023-03-28 02:00:00,2.043098532142557,2.0106584234378353,2.038439802062347,2.013814520850967
2023-03-28 03:00:00,2.013754576660441,1.992152848407429,2.033673209051711,2.0075505946813506
2023-03-28 04:00:00,2.0067968594053816,1.9788674289003034,2.0140094572062694,1.9834375798818846
2023-03-28 05:00:00,1.9825998783632814,1.988256286820143,2.005534131252632,2.0049581975141235
2023-03-28 06:00:00,2.004973714242292,1.9721876090363863,1.962236540954977,1.9489301687851182
2023-03-28 07:00:00,1.948121350789198,1.9390111703789294,1.9460575046264488,1.9358193371786179
2023-03-28 08:00:00,1.9357934168292568,1.9274575560217098,1.9197976841239892,1.8902229161895012
2023-03-28 09:00:00,1.8895698656534967,1.9015670690306363,1.9120441920988582,1.9334998239237293
2023-03-28 10:00:00,1.933288142523514,1.9445158367482682,1.9658830468351747,1.9704507864173568
2023-03-28 11:00:00,1.9695898152606868,1.95990416250885,1.9937981072081687,1.9741595268623362
2023-03-28 12:00:00,1.973694992464653,2.067857473531825,2.0091557463077097,2.0762057062631665
2023-03-28 13:00:00,2.0759027427301295,2.051813535821638,2.0560127245976414,2.0525020173322086
2023-03-28 14:00:00,2.05218945326191,2.1010710222996387,2.0341585801415665,2.1243573129769167
2023-03-28 15:00:00,2.1243463142065213,2.100675181122516,2.122545900145575,2.0935586423251267
2023-03-28 16:00:00,2.0935140769586162,2.0932036789043558,2.1175303988837313,2.1231665468139798
2023-03-28 17:00:00,2.1223619385188033,2.1651354428093192,2.157156592476065,2.1920201194229496
2023-03-28 18:00:00,2.1919887204615756,2.1647767117425536,2.185270779450024,2.1758951609665167
2023-03-28 19:00:00,2.175890472694971,2.166953838216718,2.2022961038326594,2.1766021783757608
2023-03-28 20:00:00,2.1765850041856725,2.1523200847000252,2.190759206389164,2.182605624447232
2023-03-28 22:00:00,2.1797972123301648,2.156661967611573,2.2019102960432875,2.1731663218431203
2023-03-28 23:00:00,2.172157365932454,2.1471865194342374,2.190012481635537,2.1586414554181323
2023-03-29 00:00:00,2.1586140018637843,2.137241009859073,2.1712199086693236,2.140866789673464
2023-03-29 01:00:00,2.140506573713368,2.1246483124119098,2.132253321942692,2.12451856256148
2023-03-29 02:00:00,2.123688989759964,2.1045841127465867,2.1399321414924626,2.1161211803499387
2023-03-29 03:00:00,2.115565451788372,2.09080389176806,2.120106599283734,2.091685666381343
2023-03-29 04:00:00,2.091343666050176,2.0874268717257474,2.119446992418034,2.08793971449377
2023-03-29 05:00:00,2.087486535807177,2.0723477968847925,2.0850603175136286,2.0492026027557375
2023-03-29 06:00:00,2.0488780263330315,2.0226326190457478,2.0494042105280634,2.0357320605375167
2023-03-29 07:00:00,2.035694330357763,2.0361654392885735,2.0305867467367293,2.031849666693777
2023-03-29 08:00:00,2.0315891531537966,2.034297563734033,2.057257265853681,2.0645213132893505
2023-03-29 09:00:00,2.064244535564791,2.0770236707895338,2.100393065788049,2.1022537160774037
2023-03-29 10:00:00,2.1019724783275104,2.0910141823934065,2.1193847653552305,2.108182739263693
2023-03-29 11:00:00,2.1081612500035782,2.0833447595866876,2.0871760376488986,2.094389697876343
2023-03-29 12:00:00,2.0940473779246918,2.0851878950676563,2.0770081355870462,2.0714178339830256
2023-03-29 13:00:00,2.071375885692525,2.0785451853140935,2.059733902953203,2.081402904411815
2023-03-29 14:00:00,2.080578427944312,2.122780436857369,2.0857199243793314,2.1248534655448066
2023-03-29 15:00:00,2.1240362555053145,2.094131431663234,2.054307703076864,2.0339335074789147
2023-03-29 16:00:00,2.0331270443117777,2.047570613204374,2.0657201463947583,2.073861385379884
2023-03-29 17:00:00,2.073050202679036,2.091682164379799,2.089752238048904,2.123402219283728
2023-03-29 18:00:00,2.122845630092684,2.090544120995575,2.129316204578435,2.0972053636991212
2023-03-29 19:00:00,2.0963914217058086,2.0633671501788604,2.0604681822942665,2.050306542219295
2023-03-29 20:00:00,2.0502794916624825,2.035831448295377,2.0804679602788396,2.0683540918763024
2023-03-29 22:00:00,2.0522514650021497,2.0383796758730925,2.0854212344778804,2.0652283306985946
2023-03-29 23:00:00,2.0644305707855155,2.031996736892018,2.08326817810493,2.0511003863279176
2023-03-30 00:00:00,2.0507383785402675,2.0215811659190197,2.056734558526145,2.0286246750024906
2023-03-30 01:00:00,2.0284141520534513,2.0022839085343698,1.9892679770361803,2.0004804205889153
2023-03-30 02:00:00,2.0000003726749505,1.9807476744916288,2.022484783159904,1.9913760209681302
2023-03-30 03:00:00,1.9908102327712112,1.9885160575926282,2.017531508960863,2.0060745407918783
2023-03-30 04:00:00,2.005792269213476,1.9948124063162098,2.033872335652678,2.021939019150169
2023-03-30 05:00:00,2.0214316301022954,2.0449729054795163,2.050051371981206,2.0679571698219914
2023-03-30 06:00:00,2.067320317880753,2.0944530526196456,2.0937472154807932,2.119445402554801
2023-03-30 07:00:00,2.1186288317562862,2.120182729132512,2.1215129309030605,2.093695084281296
2023-03-30 08:00:00,2.0928939595562053,2.083555050212031,2.108407911476951,2.109485139754405
2023-03-30 09:00:00,2.108781367405989,2.083555050212031,2.1331742824721602,2.1028863106014657
2023-03-30 10:00:00,2.102220525288475,2.1134657991582406,2.13314939164704,2.121169532728221
2023-03-30 11:00:00,2.120377562831088,2.1166201585384226,2.1495399999890954,2.118167809692485
2023-03-30 12:00:00,2.1181327378343577,2.1673867895041954,2.1432052849958483,2.138584487861169
2023-03-30 13:00:00,2.137790459490805,2.1143688118435464,2.1118677361687443,2.0933601812979723
2023-03-30 14:00:00,2.0933280417378946,2.1304993398112297,2.095900271853744,2.1616183708254737
2023-03-30 15:00:00,2.160809217468323,2.1658034247957123,2.185370342750508,2.1937814610389608
2023-03-30 16:00:00,2.1937250491883296,2.27823468913487,2.230509854107102,2.2980975384378857
2023-03-30 17:00:00,2.298028796273955,2.2683386597068447,2.272737138924562,2.2577355270400146
2023-03-30 18:00:00,2.2569150124940696,2.2486208210715026,2.289986480733285,2.2771847077013123
2023-03-30 19:00:00,2.2764363083219843,2.2632174644778416,2.301660277714945,2.2751628859871595
2023-03-30 20:00:00,2.2743527138498827,2.2496846442350154,2.2942303664163823,2.263701761668895
2023-03-30 22:00:00,2.262880541905269,2.2315996504552986,2.2841993638926943,2.2481225710371397
2023-03-30 23:00:00,2.2477000678942316,2.2265526754470066,2.2709947811661038,2.239514323984244
2023-03-31 00:00:00,2.2393904947019183,2.222767444190786,2.266651332182523,2.255143129872787
2023-03-31 01:00:00,2.2543105194039406,2.269909654378543,2.284858970758397,2.2887326587189585
2023-03-31 02:00:00,2.2878960779185498,2.266421304005165,2.305866827160362,2.2804717184635868
2023-03-31 03:00:00,2.279648516466476,2.248682671255429,2.305804600097561,2.274182984665577
2023-03-31 04:00:00,2.2734597447904084,2.2508721677663788,2.2989845140144585,2.2697920344397473
2023-03-31 05:00:00,2.269242946454011,2.236572405242882,2.2722891040723865,2.247874494753195
2023-03-31 06:00:00,2.2473652044969317,2.2877101373122057,2.284336263430861,2.311406831071543
2023-03-31 07:00:00,2.310803214763636,2.2772203461184986,2.2314308146365702,2.2007524046178175
2023-03-31 08:00:00,2.2003727077421824,2.209667575235437,2.2111199013379887,2.1994376003129084
2023-03-31 09:00:00,2.199504543378804,2.2301647261882347,2.23630941636025,2.2398988422243584
2023-03-31 10:00:00,2.2398493815797034,2.237945479326019,2.258176006228885,2.2514095817994138
2023-03-31 11:00:00,2.2513711629165085,2.2492393229107535,2.287484952808643,2.261903208610293
2023-03-31 12:00:00,2.2616155024043483,2.319179510893326,2.2481947853554405,2.254262459064783
2023-03-31 13:00:00,2.253442355040565,2.275711201630724,2.230932998134154,2.2549942841024206
2023-03-31 14:00:00,2.2541120818351676,2.237945479326019,2.236620551674261,2.2335728969837576
2023-03-31 15:00:00,2.2331893206778024,2.238502130981346,2.231791731600822,2.2552795718289564
2023-03-31 16:00:00,2.2547570039336775,2.222507673418301,2.2368694599254693,2.2232157121290483
2023-03-31 17:00:00,2.2232178328470233,2.1907414189543353,2.1319048503910003,2.1025017923613487
2023-03-31 18:00:00,2.1025553886857775,2.1276789714242414,2.1363851989127456,2.1497727282670946
2023-03-31 19:00:00,2.1497463230092997,2.1192302363000644,2.1503365063929625,2.147031485329501
2023-03-31 20:00:00,2.146162044423361,2.1138121601882216,2.152489562765913,2.1277559580669636
2023-04-02 22:00:00,2.0888631964405295,2.0698737895277857,2.0487570490749234,2.042752619373164
2023-04-02 23:00:00,2.0419575161221184,2.011029524541389,2.0094170999714773,1.9745688527308474
2023-04-03 00:00:00,1.9746127662202202,2.028817637438264,2.006616882145387,2.040916854871971
2023-04-03 01:00:00,2.040469234356332,2.0334687712694355,2.027388275708704,2.0142982696046596
2023-04-03 02:00:00,2.013816588400681,1.9821331186115534,1.9515334861530285,1.9186896697722056
2023-04-03 03:00:00,1.917884426247611,1.9004785057935538,1.9179682084776104,1.9096720968508019
2023-04-03 04:00:00,1.9093640131384744,1.8876136675371207,1.9284099096157907,1.9189253422419537
2023-04-03 05:00:00,1.918951028179759,1.90489460892581,1.9407433134631535,1.9332641514539814
2023-04-03 06:00:00,1.9324571852042824,1.94252426082588,1.9329649306128993,1.9457423885364225
2023-04-03 07:00:00,1.945293615434203,2.0021602081665195,1.9630206019462808,2.033697835009167
2023-04-03 08:00:00,2.0331766537039697,2.057157391712772,2.061899404738713,2.0828789583012903
2023-04-03 09:00:00,2.082872862333234,2.0646660040412863,2.085495906953244,2.086823371216018
2023-04-03 10:00:00,2.0861718869140646,2.1321816648139937,2.121712057504028,2.1656620142537797
2023-04-03 11:00:00,2.1653236721578795,2.2096180950882953,2.186266412454856,2.242404412692204
2023-04-03 12:00:00,2.241573307958406,2.224486879303904,2.2422209873264447,2.246857381989021
2023-04-03 13:00:00,2.2468939152710985,2.235162221049388,2.200653309374685,2.2096831508398425
2023-04-03 14:00:00,2.210480621401489,2.34708631388036,2.24732360647621,2.3337709080691953
2023-04-03 15:00:00,2.3337475586528633,2.3552381681216947,2.344186252433856,2.3580575762674245
2023-04-03 16:00:00,2.357597273949613,2.354780476760651,2.3808255470116926,2.346236741337439
2023-04-03 17:00:00,2.3457654339116005,2.3120914798155043,2.31927053648792,2.321937669325013
2023-04-03 18:00:00,2.3213576129526796,2.290629465993472,2.3230788327314045,2.2890427540738885
2023-04-03 19:00:00,2.2890122892428924,2.3003275748329384,2.3239002299603917,2.3224586295212997
2023-04-03 20:00:00,2.3215932575655964,2.298744210124452,2.3405397465536555,2.3120022141530114
2023-04-03 22:00:00,2.3112372969453223,2.2932148036815443,2.341946078172982,2.3084051080358075
2023-04-03 23:00:00,2.3078266512320607,2.293363244122964,2.340390401602931,2.3207469031620764
2023-04-04 00:00:00,2.3202165969322412,2.2907902764716788,2.3230788327314045,2.295170238287335
2023-04-04 01:00:00,2.295114244482622,2.2696251435324886,2.2691653055197247,2.237418079384909
2023-04-04 02:00:00,2.2371952790973797,2.242806903782537,2.2718908508704545,2.2695563619699994
2023-04-04 03:00:00,2.2689452901008544,2.235867313146135,2.268431026178661,2.2358179873534616
2023-04-04 04:00:00,2.235285317497952,2.2344200188422865,2.269476440833733,2.2563587036641177
2023-04-04 05:00:00,2.2555383518607144,2.237821778958169,2.272637575624078,2.244860367903262
2023-04-04 06:00:00,2.244847527843138,2.2545336986547486,2.257006137448206,2.278884030246336
2023-04-04 07:00:00,2.277949394783869,2.2720744108159234,2.2805528580124963,2.2860534348523496
2023-04-04 08:00:00,2.2855644364854837,2.277344046486349,2.299046741077259,2.2675965593268343
2023-04-04 09:00:00,2.2668740979767983,2.272272331404485,2.2982128984357146,2.2959640823959573
2023-04-04 10:00:00,2.295151451526766,2.2786057902384207,2.3123011054540927,2.28574333949742
2023-04-04 11:00:00,2.2848947096908785,2.2560057330321666,2.277105478733263,2.283758729225858
2023-04-04 12:00:00,2.2837412913223947,2.2952434897142893,2.3140310177999908,2.304225022651332
2023-04-04 13:00:00,2.3036718646359025,2.3888475580666286,2.3380631094541364,2.4150034872470276
2023-04-04 14:00:00,2.413358230774463,2.780779803563591,2.4509056651393433,2.7070761001498256
2023-04-04 15:00:00,2.7069590161202464,2.759255939557635,2.738768057661546,2.7582170260851147
2023-04-04 16:00:00,2.7573373538921646,2.7820786574260197,2.7888981794548644,2.7643197026701642
2023-04-04 17:00:00,2.763960207749919,2.731485206975239,2.766882244635505,2.7348978553942738
2023-04-04 18:00:00,2.733996134865392,2.7395381009222928,2.7671684891243933,2.7712286271780364
2023-04-04 19:00:00,2.7711411672698474,2.7505474336609725,2.797597522834589,2.7784104355982473
2023-04-04 20:00:00,2.777515974166637,2.7454757185791085,2.7951333311476274,2.7600403867721104
2023-04-04 22:00:00,2.7682018107824153,2.739711281437285,2.790292065661631,2.762558361054156
2023-04-04 23:00:00,2.7622734884153597,2.764810086074115,2.800957784225899,2.7771824579927196
2023-04-05 00:00:00,2.776858649720082,2.750535063624188,2.785737044664522,2.7493482989340774
2023-04-05 01:00:00,2.7492386206166692,2.7435583628774287,2.787952328100273,2.761975381786885
2023-04-05 02:00:00,2.760996046566394,2.785641228020109,2.795718265537967,2.804532868297672
2023-04-05 03:00:00,2.8040942060339975,2.770438452811304,2.817634637056843,2.792922898209038
2023-04-05 04:00:00,2.792311975388177,2.7657749489433474,2.819775248017233,2.797016156894132
2023-04-05 05:00:00,2.7965039690284788,2.779604650069013,2.8285866001100017,2.808105166786479
2023-04-05 06:00:00,2.80836061376259,2.7981968153569183,2.830615202357348,2.810102180872238
2023-04-05 07:00:00,2.8091915710818216,2.823901751796215,2.8294702244017897,2.822183495900365
2023-04-05 08:00:00,2.821308665124942,2.8209205729310223,2.834585288964117,2.8049670017945743
2023-04-05 09:00:00,2.8047763351766513,2.7840331232380566,2.8159793971863083,2.811528619504923
2023-04-05 10:00:00,2.811039520941007,2.783686762208075,2.81569315269742,2.7836324413752926
2023-04-05 11:00:00,2.7835435153180788,2.7756709783713727,2.812183546355386,2.791558478647341
2023-04-05 12:00:00,2.791493420416993,2.868483364369472,2.820024156268441,2.897896377760419
2023-04-05 13:00:00,2.897359863356699,2.8694605972754887,2.806184857501268,2.7881846411856857
2023-04-05 14:00:00,2.7881075793998273,2.8601954397234994,2.666895800125197,2.7403679374552645
2023-04-05 15:00:00,2.7402469182817026,2.75668297190635,2.742912380044163,2.776673901610633
2023-04-05 16:00:00,2.7759408759645123,2.768620057403905,2.789171978531192,2.7720472789150556
2023-04-05 17:00:00,2.7711287649217993,2.744993287144492,2.7822647745601685,2.7678299820879895
2023-04-05 18:00:00,2.7677181192085345,2.761235145443241,2.8016920635669624,2.793915203344818
2023-04-05 19:00:00,2.793849866546158,2.7607774540821945,2.801231583302227,2.768140077442919
2023-04-05 20:00:00,2.7681149943460768,2.740750364527228,2.7952328944481115,2.7611939414924564
2023-04-05 22:00:00,2.76397261009797,2.7375712650734743,2.777572854024893,2.7602264439850708
2023-04-05 23:00:00,2.7596938000213296,2.7333159724194225,2.795195558210431,2.759234138849291
2023-04-06 00:00:00,2.758527979304795,2.7258444702012623,2.7565152159726853,2.718810108380432
2023-04-06 01:00:00,2.718331969280477,2.6840955960517783,2.7007473222895033,2.664344960240278
2023-04-06 02:00:00,2.6639104660448374,2.636693615091536,2.641631612627572,2.6432460722907445
2023-04-06 03:00:00,2.6428512790589394,2.6238658869454574,2.670455188117474,2.647798272101137
2023-04-06 04:00:00,2.647229307919966,2.644412518045397,2.6752840081909137,2.676190602798657
2023-04-06 05:00:00,2.675407442685547,2.6708225465814404,2.6936783279551926,2.7018913058153737
2023-04-06 06:00:00,2.701489580630979,2.6816958089154825,2.69173684359577,2.6775922338029474
2023-04-06 07:00:00,2.6767096892306115,2.6966635534253722,2.702402562160038,2.7103631109121
2023-04-06 08:00:00,2.70981155617134,2.7158000003318175,2.729147753752353,2.7226552907815806
2023-04-06 09:00:00,2.7223503300481044,2.725250708435581,2.757971329242252,2.7502785849988722
2023-04-06 10:00:00,2.749635495754212,2.7300131725978183,2.7633850837060314,2.7591349083357124
2023-04-06 11:00:00,2.758503174608699,2.7316707575270125,2.7573615040267927,2.7367460237096637
2023-04-06 12:00:00,2.7358068776804334,2.729332820574643,2.6842571506469666,2.6676071633741554
2023-04-06 13:00:00,2.6667133967037366,2.648296709595895,2.5535429825250144,2.5514206357884546
2023-04-06 14:00:00,2.5517808373407735,2.622096971685197,2.561284029137588,2.6540994097133437
2023-04-06 15:00:00,2.6534924936843214,2.633551625748136,2.6578853214314635,2.646198180069692
2023-04-06 16:00:00,2.6452697369283436,2.6573639465593257,2.678358025093332,2.6521520108843757
2023-04-06 17:00:00,2.65181817669781,2.6272676470613425,2.6531062830082672,2.630978700049657
2023-04-06 18:00:00,2.630213286397791,2.6154418918948497,2.646821349665263,2.621415359303573
2023-04-06 19:00:00,2.62117197467063,2.589254524020937,2.6221296511454146,2.5872056397475394
2023-04-06 20:00:00,2.5871399316262833,2.573433246972881,2.6165914425560346,2.6038639622144557
2023-04-09 22:00:00,2.470657078757292,2.553381417344342,2.495472687518158,2.5756204772873024
2023-04-09 23:00:00,2.575518931505089,2.5471098086943327,2.604282929533792,2.5757817268718686
2023-04-10 00:00:00,2.5757049667258136,2.5455388140226316,2.515484910915291,2.4857052281713896
2023-04-10 01:00:00,2.4852794471061577,2.4811527725565394,2.4878934312688714,2.470795843506288
2023-04-10 02:00:00,2.4707314928455824,2.4390451673402898,2.4048576386658382,2.39695593759002
2023-04-10 03:00:00,2.396615060909349,2.384950996479343,2.424471608861039,2.3941898870240323
2023-04-10 04:00:00,2.394109786603606,2.395069686569499,2.414490387987591,2.4098062890983787
2023-04-10 05:00:00,2.408930592521242,2.4126475088410304,2.4372654929731374,2.4391289058606933
2023-04-10 06:00:00,2.438696227836999,2.427256522284154,2.4413475882929503,2.45577482451341
2023-04-10 07:00:00,2.4549060967360377,2.4429788390379295,2.4822556593790046,2.475769772999388
2023-04-10 08:00:00,2.474935888833932,2.4641563420139048,2.4940539104862713,2.4741200657111526
2023-04-10 09:00:00,2.4733359859357082,2.496058666882502,2.507009584961654,2.515399959359622
2023-04-10 10:00:00,2.514536586151935,2.507179329952248,2.543151063037074,2.530941938548786
2023-04-10 11:00:00,2.5301015329524645,2.5093564564264126,2.544868529970412,2.5269106989346772
2023-04-10 12:00:00,2.5260707698367915,2.4972956705610074,2.4080312188687403,2.3768245471478724
2023-04-10 13:00:00,2.3760023584531873,2.4032215408108364,2.3714541513537073,2.3598809369544202
2023-04-10 14:00:00,2.359904110686583,2.3742138045499357,2.3149146420917783,2.352599898020631
2023-04-10 15:00:00,2.3525371159459327,2.3499437923777022,2.385256113883197,2.366603804249335
2023-04-10 16:00:00,2.366117687058747,2.360520173828905,2.3846089524300544,2.380223192237922
2023-04-10 17:00:00,2.3794006018184044,2.3628952208916316,2.395523579245533,2.370845908704795
2023-04-10 18:00:00,2.3701484501744225,2.3594068705182534,2.3905329688088095,2.3883228829087306
2023-04-10 19:00:00,2.387648163270478,2.3838995433526144,2.4232021767798764,2.402512846350392
2023-04-10 20:00:00,2.402444164492018,2.370304872925865,2.4301591624011434,2.3995483347572475
2023-04-10 22:00:00,2.3991451399111874,2.368436997371324,2.424807635000168,2.4005282360788303
2023-04-10 23:00:00,2.3999140854901793,2.3801019420596097,2.4331460614156413,2.4131925303742285
2023-04-11 00:00:00,2.4123288358864587,2.4159131985522806,2.449287761506489,2.422842697819694
2023-04-11 01:00:00,2.422176300236753,2.391259715239709,2.4052807826928904,2.397886223654815
2023-04-11 02:00:00,2.397061545439086,2.4476670829794585,2.433506978379893,2.4795157248869586
2023-04-11 03:00:00,2.478656593248401,2.449893689600762,2.500463297954882,2.4768240972061557
2023-04-11 04:00:00,2.4762505377270445,2.4731369887198396,2.5118881866853338,2.5042985456530777
2023-04-11 05:00:00,2.5038705668304546,2.4919889247802276,2.528515257866037,2.4955910680866036
2023-04-11 06:00:00,2.4947300363189098,2.4956999358157366,2.5240971364070925,2.4975880821723626
2023-04-11 07:00:00,2.496702009658577,2.517829931624159,2.517053032897902,2.532839722120964
2023-04-11 08:00:00,2.5319742875077482,2.564700001002646,2.5602759507201935,2.564084930083853
2023-04-11 09:00:00,2.5632282045892913,2.539675416586527,2.5759447251337457,2.5633407012320184
2023-04-11 10:00:00,2.5628933411919887,2.5339975697021964,2.5621303171916954,2.5618894549709395
2023-04-11 11:00:00,2.561032988984756,2.526798208293309,2.5368536842815104,2.51293160033437
2023-04-11 12:00:00,2.5123289681993484,2.504297111381336,2.52216809746023,2.4893891609879755
2023-04-11 13:00:00,2.4893226125698815,2.5031343279235423,2.4880801124572756,2.5246780123791703
2023-04-11 14:00:00,2.524607292767098,2.5305215893656032,2.5411846878525313,2.5378384592424585
2023-04-11 15:00:00,2.5374313206489707,2.549682776345618,2.564669181354018,2.55886292430681
2023-04-11 16:00:00,2.5581432418895185,2.5541978397721548,2.5935549839067233,2.584278339596988
2023-04-11 17:00:00,2.5835556530403445,2.5519464930772786,2.5568659076786435,2.5764267252101245
2023-04-11 18:00:00,2.5763498888243204,2.5453037833237158,2.5939656825212154,2.563117432576467
2023-04-11 19:00:00,2.56233523552982,2.5561028254370495,2.587668303765649,2.557845811542634
2023-04-11 20:00:00,2.557771171448069,2.5299649377102758,2.5802508378796465,2.5513834243458637
2023-04-11 22:00:00,2.5470803474304953,2.5261054862333467,2.582291885539553,2.555067357162449
2023-04-11 23:00:00,2.554633377391867,2.5351479831232053,2.5875438496400447,2.565387330574565
2023-04-12 00:00:00,2.5651257638406713,2.5405907993086205,2.594314154072907,2.5749382675064525
2023-04-12 01:00:00,2.5743407084405066,2.657227876154688,2.5938163375704915,2.6883215330835744
2023-04-12 02:00:00,2.687909009518165,2.7113838971995614,2.716677450366823,2.692439599397065
2023-04-12 03:00:00,2.6921134055065146,2.6989025300834637,2.72087155439968,2.7211172178211207
2023-04-12 04:00:00,2.721085290547184,2.733699443559758,2.7574361765021562,2.759903944815941
2023-04-12 05:00:00,2.7597310070654735,2.729666811567837,2.7637335552577227,2.7336450701603496
2023-04-12 06:00:00,2.7327310953644743,2.7050133282552684,2.7130309444866256,2.7013083265481024
2023-04-12 07:00:00,2.700857060880517,2.677786877291412,2.689534005572579,2.668276969340808
2023-04-12 08:00:00,2.668152069077331,2.6422725016815862,2.656354535686533,2.6196540176875622
2023-04-12 09:00:00,2.619125587242672,2.6156398124834115,2.6516003880884598,2.641968479428426
2023-04-12 10:00:00,2.6410901456360896,2.615342931600569,2.634599954530944,2.616925178564168
2023-04-12 11:00:00,2.6168435552017977,2.5997566852514287,2.6356578145985767,2.6030825219200273
2023-04-12 12:00:00,2.602183979808788,2.8209700530781614,2.622428341046866,2.783123884993206
2023-04-12 13:00:00,2.78304742139615,2.7674077937989723,2.55676634437816,2.6039011736570465
2023-04-12 14:00:00,2.6038086874031072,2.6349123297944916,2.5831879552439037,2.593395143031971
2023-04-12 15:00:00,2.593328703302351,2.5897245854187685,2.6147993031473358,2.5792920062896907
2023-04-12 16:00:00,2.578421080948377,2.5885123218138357,2.609833583535735,2.6047818444650535
2023-04-12 17:00:00,2.6042551719328415,2.6284922807030595,2.6254899125367244,2.6499565357714596
2023-04-12 18:00:00,2.64951133996084,2.6822400905340253,2.6857754909793345,2.7030696681641135
2023-04-12 19:00:00,2.7029778623967653,2.6965151129839526,2.7080527794624616,2.6769224278362973
2023-04-12 20:00:00,2.676052364784054,2.6593926325920707,2.709683128507876,2.6913480637477067
2023-04-12 22:00:00,2.6861106690511716,2.6602090550198807,2.719402995717553,2.69508161182108
2023-04-12 23:00:00,2.694196999978616,2.701314687256544,2.7325826876190233,2.732714784095555
2023-04-13 00:00:00,2.731838126305,2.7171235942678154,2.7506907628944166,2.7290308512789694
2023-04-13 01:00:00,2.7285887111163643,2.7102211137417678,2.7418171837388474,2.728919216951197
2023-04-13 02:00:00,2.7280554101502887,2.711618927898477,2.7476540822296758,2.7286215254104613
2023-04-13 03:00:00,2.7280802148463876,2.694065845700515,2.7400997168055095,2.723722018802545
2023-04-13 04:00:00,2.7231192756270937,2.711792108413466,2.7611946910953975,2.7363863130979436
2023-04-13 05:00:00,2.7360797293374968,2.709577871828947,2.735694040759125,2.6981825653703946
2023-04-13 06:00:00,2.697309989338725,2.7594414901094115,2.7351339971939086,2.760610962225185
2023-04-13 07:00:00,2.7604999526444622,2.7899460008213,2.799252762705121,2.8112185241499934
2023-04-13 08:00:00,2.811002313896863,2.833451420194259,2.848860177170903,2.8371300920080613
2023-04-13 09:00:00,2.8364767367879318,2.826573679741781,2.8651636676250347,2.836708362325353
2023-04-13 10:00:00,2.8365883579203657,2.8184341955372307,2.855580699953522,2.8379859551876714
2023-04-13 11:00:00,2.837394510543499,2.8270066310292576,2.861118908542902,2.8620245471019556
2023-04-13 12:00:00,2.861405456364877,3.0377425776990683,2.872830041762245,3.0651121969536335
2023-04-13 13:00:00,3.0653992770621885,3.0545905678002807,3.03855315541662,3.0841644555606202
2023-04-13 14:00:00,3.084002799134536,3.0746547674656037,2.9620885406454818,2.931523118049182
2023-04-13 15:00:00,2.9305733514298646,2.9970204166027403,2.967937884548873,2.990118736317023
2023-04-13 16:00:00,2.9900674150172315,2.974680130168972,3.0086219382088424,3.0054002354080427
2023-04-13 17:00:00,3.005260291376314,3.018296879872996,3.032143767948012,3.0503392542447005
2023-04-13 18:00:00,3.0496730997370305,3.0169980260105675,3.0114346014474958,2.9825027943999074
2023-04-13 19:00:00,2.9819562793936853,2.978551951682688,3.0005075292194565,3.0110935861245816
2023-04-13 20:00:00,3.009911171894401,2.9808280384511336,3.0407684388523735,3.0098035894480692
2023-04-13 22:00:00,3.0097251366736764,2.976869626679924,3.0426601415615533,3.004780044698178
2023-04-13 23:00:00,3.0042681035324565,2.96975685552853,3.026294424044621,3.000203037259391
2023-04-14 00:00:00,2.9996668324065614,3.0129282839082925,3.025323681864909,3.026970468297072
2023-04-14 01:00:00,3.0260590290531972,3.0417628396542016,3.056711012342254,3.076895820441028
2023-04-14 02:00:00,3.0760528940356213,3.0592788117418097,3.1032195190804943,3.079314564209492
2023-04-14 03:00:00,3.0784465472089297,3.042863772928072,3.07803000405823,3.0660424830184283
2023-04-14 04:00:00,3.0654984958465747,3.047774677531729,3.0728776032582217,3.0436411945781825
2023-04-14 05:00:00,3.043075050575372,3.0132993850118432,3.0371841600349763,3.038109093446207
2023-04-14 06:00:00,3.0379652831795,3.0204987464207336,3.0506998780755783,3.019416545450941
2023-04-14 07:00:00,3.019138518842284,2.983821587353111,3.0004701929817763,2.9937778615052117
2023-04-14 08:00:00,2.9932052090734333,2.9592918044083927,2.939512562260906,2.9510467215956644
2023-04-14 09:00:00,2.9501566589980217,2.9520800729627177,2.974185481654197,2.986323169172662
2023-04-14 10:00:00,2.9861978824261817,2.9947195897607255,3.013873902309334,2.9818577960616484
2023-04-14 11:00:00,2.9813485643393225,2.946043495011624,2.9461584125681615,2.9197022831191966
2023-04-14 12:00:00,2.9194980546227933,2.9688662128800063,2.75905408013501,2.8131411153505677
2023-04-14 13:00:00,2.812242548701685,2.8199185999514333,2.7924700128597015,2.798703075624961
2023-04-14 14:00:00,2.795375355356091,2.760530053346494,2.5167418975838936,2.488173587196645
2023-04-14 15:00:00,2.4880947801131046,2.482760877338595,2.4653796799470933,2.4533312731165515
2023-04-14 16:00:00,2.4528473069600323,2.4683250444104607,2.449972259197312,2.5016441294148652
2023-04-14 17:00:00,2.501328085480568,2.5237799193177595,2.52707159000903,2.5554890868451543
2023-04-14 18:00:00,2.5554023229708593,2.5572779789316282,2.5864984349849727,2.5858412201858423
2023-04-14 19:00:00,2.5857508686448805,2.5714293010137053,2.606535549207226,2.5730900991910626
2023-04-14 20:00:00,2.572418344493031,2.5424957849735152,2.592746032090296,2.5603513820104795
2023-04-16 22:00:00,2.5221020184613554,2.5349748026082164,2.5406619805249955,2.5221104228403397
2023-04-16 23:00:00,2.5218787761964894,2.5336140985618614,2.5598030250429007,2.5429240230633345
2023-04-17 00:00:00,2.5426899162214207,2.5304597391816794,2.563038832308606,2.5335591433444073
2023-04-17 01:00:00,2.5334625692735373,2.534244970437897,2.485603475357754,2.547054493191022
2023-04-17 02:00:00,2.546199780719069,2.55064763921485,2.5838102258719235,2.5577341772148583
2023-04-17 03:00:00,2.5569154094327415,2.53640972687528,2.594538171498995,2.5634895470023844
2023-04-17 04:00:00,2.562694903623219,2.547320099319676,2.5911779101076853,2.5614801291024314
2023-04-17 05:00:00,2.560970977244513,2.631659010120026,2.591401927533773,2.6481331750844634
2023-04-17 06:00:00,2.647204503223867,2.639711904067083,2.676005842119417,2.6486293276523534
2023-04-17 07:00:00,2.6480106558470027,2.658563840127474,2.6705174151802775,2.641348288718564
2023-04-17 08:00:00,2.6403336024051485,2.629815874639058,2.6479165459705785,2.629949183471287
2023-04-17 09:00:00,2.629431938470751,2.621886681059851,2.665974839595729,2.636138686755718
2023-04-17 10:00:00,2.6357323312792533,2.609677454753026,2.6315508284536433,2.601594064216358
2023-04-17 11:00:00,2.6007081003910493,2.5983836111682916,2.605614588677755,2.620150170255455
2023-04-17 12:00:00,2.620043360998242,2.6038264273537037,2.5316266110061387,2.51428361608187
2023-04-17 13:00:00,2.5134451795236914,2.499695457697303,2.4442473694195246,2.4558244397702005
2023-04-17 14:00:00,2.4557494564033173,2.435668147297977,2.30823145554684,2.3242943940224925
2023-04-17 15:00:00,2.323676852037698,2.3743993551017124,2.3600417080358125,2.3825799169354016
2023-04-17 16:00:00,2.3821539230851116,2.375116817235244,2.386251746888029,2.401905059454727
2023-04-17 17:00:00,2.4015884024766905,2.4218013360619546,2.4367178948204784,2.4484317665086355
2023-04-17 18:00:00,2.4479483794809807,2.436892780939694,2.4709303339490365,2.451954449740655
2023-04-17 19:00:00,2.451793107375932,2.4315241849749905,2.4771281494041193,2.46088519596268
